nom,image,description,temps,difficulte,tags,type
Blé a la mexicaine,https://www.cuisine-etudiant.fr/image/recette/400250/1ce8b61ea3242b0fd04145ff0227cfff92daa085-ble-a-la-mexicaine.jpg,"Découper en petits morceaux les oignons et les poivrons, ainsi que les tomates épépinées et pelées <br>Râper un peu de cheddar<br>Cuisson :<br>Dans la casserole d'eau bouillante plonger le blé pour 10 minutes de cuisson <br>Dans la sauteuse faire revenir oignons et poivrons avec un filet d'huile d'olive et couvrer pendant 5-7 minutes en remuant de temps en temps<br>Ajouter tomates et poulet puis laisser 5 minutes <br>Ajouter le blé égoutté <br>Recouvrer de 2 ou 3 c.s de crème fraîche et 2 c.c d'épices tex mex. Ajouter le cheddar râpé et laisser fondre pendant 2-3 minutes",34,Facile,;Hiver;Automne;Carnivore;,dejeuner/diner
Bouchées de pommes de terre au camembert,https://www.cuisine-etudiant.fr/image/recette/400250/e52453569864c1c3f2bee556f9e5ed48ed7ad5bb-bouchees-de-pommes-de-terre-au-camembert.jpg,Rincez et découpez vos pommes de terre en petits morceaux de la taille d'une noix. Portez ensuite de l'eau à ébullition dans votre casserole et faites-y cuire les pommes de terre pendant environ 20 minutes.<br>Égouttez les patates et écrasez les avec de l'ail semoule et un peu de crème ou de beurre. Assaisonnez votre purée selon vos goûts. <br>Modelez quatre petites boulettes de purée et placez au centre de chacune un quart de votre demi camembert puis enroulez les dans deux tranches de bacon (voir photo). <br>Faites ensuite revenir vos bouchées pendant environ 15 minutes dans une poêle à feu moyen afin de cuire le bacon.<br>Laissez refroidir le tout quelques minutes et régalez vous <br>) !,39,Facile,;Hiver;Automne;Sans gluten;Fromage;,dejeuner/diner
Boulette surprise.,https://www.cuisine-etudiant.fr/image/recette/400250/52ea1ddca653c81774a325832a1965aba6055285-boulette-surprise.jpg,"1. Coupez en deux le steak.<br>2. Mettez un morceau de fromage au milieu de chaques parties et formez une boule.<br>3. Faites cuir la viande comme vous l'aimez et en la tournant pour qu'elle cuise de tout les côtés sachant que le fromage commence à fondre quand la viande est à point (c'est à dire environ 1min30/2min de cuisson)<br>4. La saler et y mettre vos épices.<br>Variante : Utilisez n'importe quel fromage comme de la mozza, du camember ou même du babybel.<br>Rajoutez si vous le voulez une sauce tomate et des légumes pour un repas plus complet.<br>Bon appétit !!",14,Simplissime !,;Carnivore;Fromage;,dejeuner/diner
Boulettes de thon pânées.,https://www.cuisine-etudiant.fr/image/recette/400250/2281bd7545e01380f5a7af6dbc741feb56c320c1-boulettes-de-thon-panees.jpg,"1- Dans un bol, émiettez votre thon finement. Ajoutez y l’œuf, battez bien le mélange, salez, poivrez, ajoutez l’ail et si vous le désirer un peu de piment d'Espelette. <br>2- Faites chauffer une poêle avec un bon fond d'huile d'olive.<br>3- Préparer un bol avec de la chapelure puis confectionnez des petites des boulettes avec votre mélange thon/œuf (5 à 6). Finalement, recouvrez les de chapelure en les roulant dans le bol.<br>4- Faites dorer vos boulettes dans l'huile chaude<br> pensez à les retourner pour qu'elles dorent des tous les côtés. <br>Épongez les dans de l’essuie-tout pour absorber l'excédent d'huile et dégustez !",25,Intermédiaire,;Poisson;,dejeuner/diner
Brochettes de poulet sauce teriyaki,https://www.cuisine-etudiant.fr/image/recette/400250/dce89f14b11afcf57d8235c645734f843b29d47c-brochettes-de-poulet-sauce-teriyaki.jpg,"Découper en gros morceau le poulet et le placer sur les piques en bois<br>Dans la casserole verser tous les sauce soja, vinaigre de riz et miel<br>Cuisson :<br>Porter la casserole a ébullition puis baisser le feu, tout en remuant régulièrement<br>Dans une poêle bien chaude faire revenir les brochettes 10 minutes environ jusqu'à ce qu'elles soient cuites, les badigeonner avec le pinceau de la sauce en les retournant au fur et a mesure, répéter l'opération pendant 5 minutes<br>Servez en rajoutant la sauce restante et parsemer de graines de sésames",30,Simplissime !,;Hiver;Printemps;Été;Automne;Carnivore;,dejeuner/diner
Burger St Nectaire-Moutarde,https://www.cuisine-etudiant.fr/image/recette/400250/57388f1f547cc68ad41b2aa7f6fdc97a7aabbf1c-burger-st-nectaire-moutarde.jpg,"Je vous préviens direct : c'est pas diététique mais c'est pas mal bon <br>)<br>Préparation :<br>- Former un steak pas trop épais avec la viande hachée<br>- L'emballer avec les tranches de lard<br>- Couper l'oignon en tranches fines<br>- Couper 2 tranches de fromage<br>- Tartiner le pain du haut avec la moutarde.<br>Cuisson :<br>- Faire frire l'oignon et le steak emballé par le lard à la poêle mais pas trop fort<br>- Pas besoin de rajouter de l'huile : le bacon en rend suffisamment pour pas que la poêle accroche<br>- Avant que le steak ne finisse de cuire, poser les tranches de St-Nectaire dessus pour qu'il fonde un peu<br>- Quand le fromage menace de couler sur le fond de la poêle, enlever le steak (avec le lard et le fromage) du feu et le poser sur le pain du bas.<br>Assemblage :<br>- Après le steak, poser l'oignon sur le St-Nectaire, puis la salade<br>- Refermer avec le pain tartiné de moutarde à l'ancienne<br>- Si vous avez une tour de Pise, fixer tout ça avec un petit pic à brochette !<br>Dégustation :<br>- À accompagner d'une p'tite salade pour se donner bonne conscience<br>- Ne pas laisser refroidir !",15,Facile,;Hiver;Automne;Carnivore;Fromage;,dejeuner/diner
Coquillettes sauce moutarde !,https://www.cuisine-etudiant.fr/image/recette/400250/d683ff981967da74af4d308a63e672f4f197f8a7-coquillettes-sauce-moutarde.jpg,"Faites cuire vos coquillettes dans une eau frémissante salée pendant 6min en remuant régulièrement.<br>Une fois cuites, égouttez-les et remettez-les dans la casserole.<br>Rajoutez la moutarde et la crème (rajoutez si vous le souhaitez) et mélangez le tout sur feu doux.<br>C'est prêt quand la sauce est homogène et bien répartie partout ! :)",10,Simplissime !,;Végétarien;,dejeuner/diner
Croc' Saumon fumé,https://www.cuisine-etudiant.fr/image/recette/400250/4cec40a364e44249794bafdae92492b1a5f1915e-croc-saumon-fume.jpg,"Eplucher et couper en rondelle votre moitié de courgette. <br>Faire revenir avec un peu d'huile d'olive à la poêle, saler à votre convenance. <br>Tartiner les deux tranches de pain de mie de fromage frais aux fines herbes (type : Boursin, tartare...)<br>Sur la première tranche de pain de mie, disposer la tranche de saumon fumé, ajouter quelques goutte de citron, et un peu d'aneth. Par dessus, ajouter les courgettes (cuite auparavant), puis recouvrir avec la deuxième tranche de pain de mie. <br>Si vous avez un appareil pour les Croques Monsieur, il vous reste plus qu'a mettre le croque dans la machine et le faire chauffer un peu. <br>Sinon, à la poêle, faite dorer votre Croque Monsieur de chaque côté afin que le saumon soit chaud, et le pain de mie croustillant. <br>C'est un vrai délice ! Rapide, et idéal accompagné d'une salade par exemple.",15,Simplissime !,;Hiver;Printemps;Été;Automne;Poisson;,dejeuner/diner
Croque à l'italienne,https://www.cuisine-etudiant.fr/image/recette/400250/dc935ba37d99b410cae5a0e816021691fc17fd63-croque-a-l-italienne.jpg,"Marre du croque monsieur classique ? Mettez le donc à la sauce italienne !<br>Pour cela remplacez le jambon par du jambon sec, et l'emmental par de la mozzarella ou du fromage de chèvre ! Ajoutez à cela une rondelle de tomate, un peu de basilic et le tour est joué !<br>Bon appétit !",14,Facile,;Fromage;,dejeuner/diner
Croque monsieur,https://www.cuisine-etudiant.fr/image/recette/400250/6b27722eb7e328a86ed7b386f21e25774c4471c8-croque-monsieur.jpg,Beurrer les tranches de pain de mie des deux côtés.<br>Couper les tranches de jambon et répartir sur 4 tranches de pain.<br>Parsemer de gruyère râpé.<br>Mettre les 2 autres tranches de pain sur les premières.<br>Faire dorer les croque-monsieur dans un appareil gril électrique. Si vous n'en avez pas faites les dorer à la poêle en les retournant pour les faire dorer des deux côtés.,13,Simplissime !,;,dejeuner/diner
Croque-madame (à la poêle),https://www.cuisine-etudiant.fr/image/recette/400250/4c3c5b47675196a4863620263f63708b8daaf2f0-croque-madame-a-la-poele.jpg,"Pour le croque : sur une tranche de pain de mie, disposer une tranche de jambon blanc et du fromage (rapé ou non). Assaisonner (sel, poivre) avant de recouvrir d'une autre tranche de pain de mie<br>Faire cuire un oeuf au plat<br>Faire fondre un peu de beurre dans une poele et faire dorer le croque sur les 2 faces. Rajouter l'oeuf.",15,Facile,;Fromage;,dejeuner/diner
Curry de petits pois et poulet,https://www.cuisine-etudiant.fr/image/recette/400250/3f7fe64e408b6d8df52a84433354855f9f310167-curry-de-petits-pois-et-poulet.jpg,"1- Dans une poêle chaude, verser un bon filet d'huile d'olive et y mettre le demi oignon préalablement émincé. Pendant ce temps, couper le poivron en lamelles fines en enlevant bien les pépins.<br>2- Quand l'oignon devient translucide, rajouter les lamelles de poivron et laisser le tout dorer et ramollir. <br>3- Couper les tomates cerises en deux et les rajouter dans la poêle avec un peu de crème soja ou crème fluide, les épices et une demi cuillère à café de curry rouge. Mélanger bien la préparation et laisser mijoter quelques instants.<br> 4- Incorporer finalement les dés de poulet, puis les petits pois égouttés et rincés. Mélanger et couvrir pendant 5-7 min. <br>Vous allez obtenir un curry légèrement crémeux et très gouttu ! Bon appétit <br>)",25,Intermédiaire,;Hiver;Printemps;Automne;,dejeuner/diner
Dinde aux échalotes et à la crème,https://www.cuisine-etudiant.fr/image/recette/400250/5b4eb8dbf0d543b0565970e095b2d38e8a145b21-dinde-aux-echalotes-et-a-la-creme.jpg,"- Commencez par émincer finement l'échalote.<br>- Ensuite faites chauffer la matière grasse dans la poêle, faites-y cuire l'escalope à feu doux 5 min de chaque côté.<br>Astuce : pour une viande moins sèche, émincez-la au préalable en cubes avec des ciseaux <br>)<br>- Lorsque vous retournez les morceaux d'escalope, ajoutez tout autour l'échalote émincée, laissez-la dorer et seulement ensuite ajoutez la crème sur l'ensemble, mélangez. <br>- Salez, poivrez et servez.<br>Bon appétit !<br>Je l'ai accompagné de pâtes, mais faites comme vous voulez ...",15,Facile,;Carnivore;,dejeuner/diner
Egg Boat,https://www.cuisine-etudiant.fr/image/recette/400250/7011f81d2c2267ca6e3b0fd7b88f786fc583977d-egg-boat.jpg,"Fendez le dessus du pain à l'aide d'un couteau en faisant tout le tour.<br>Retirez la croûte.<br>Creusez le pain en retirant la mie.<br>Votre contenant est prêt.<br>Préchauffez votre four à 200°C.<br>Répartissez le fromage dans le pain.<br>Cassez l’œuf dans un bol puis versez-le dans le pain.<br>Coupez 2 tomates cerise et mettez les à chaque extrémité.<br>Posez le pain sur une plaque de cuisson.<br>Recouvrez-le d'un papier aluminium.<br>Enfournez pour 20 minutes.<br>Retirez la papier et prolongez la cuisson de 5 - 10 minutes, jusqu'à ce que le blanc soit pris.<br>Laissez tiédir et servez avec fleur de sel, poivre du moulin et basilic.",23,Facile,;Hiver;Printemps;Été;Automne;Fromage;,dejeuner/diner
Feuilleté au Camembert  Lardons et Pommes de Terre,https://www.cuisine-etudiant.fr/image/recette/400250/8414100da75d347b94d2e91f20712382c68da345-feuillete-au-camembert-lardons-et-pommes-de-terre.jpg,"Préchauffer à 190° (Th 6-7)<br>Éplucher et émincer l'oignon.<br>Le faire revenir dans une poêle avec les lardons.<br>Couper le fromage en 3 dans le sens de la longueur.<br>Couper les pommes de terre en rondelles.<br>Poser le premier morceau de camembert sur la pâte et disposer dessus une couche de pomme terre et le mélange lardons-oignons et remettre une couche de pomme de terre.<br>Mettre le second morceau de fromage et remettre dessus une couche de pommes de terre + les lardons et terminer par une couche de pomme de terre.<br>Poser le dernier morceau de camembert.<br>Refermer la pâte sans laisser de jour pour ne pas que le camembert coule et à l'aide d'un pinceau, dorer la pâte avec le jaune d’œuf.<br>Mettre dans le four pendant 30 à 40 min suivant le four.<br>Variantes : Les lardons peuvent être remplacés par de l'émincé de poulet et le camembert par un autre fromage comme un coulommiers ou un grand Maroilles.<br>Vidéo de la recette du Feuilleté au Camembert, Lardons et Pommes de Terre",36,Intermédiaire,;Hiver;Automne;Fromage;,dejeuner/diner
Fondue de poireaux aux St-Jacques 300 calories,https://www.cuisine-etudiant.fr/image/recette/400250/71a26909ed71c35fd73611f39fce539f4b78084f-fondue-de-poireaux-aux-st-jacques-300-calories.jpg,"1. Lavez et épluchez le poireaux pour ne garder que le blanc. Coupez en petites rondelles. <br>2. Mettre les rondelles de blanc de poireaux dans la poêle avec un filet d'huile d'olive et faire cuire à feu doux jusqu'à que les poireaux soient mous. <br>3. Ajoutez 50g de St-Moret light et mélangez le tout. Disposez dans une assiette. <br>4. Dans la même poêle, cuisez les St-Jacques jusqu'à qu'ils deviennent dorés. <br>5. Disposez les St-Jacques à côté ou au-dessus des St-Jacques et dégustez !<br>Cette recette est très light (300cal) et délicieuse. Je la réalise souvent quand je suis au régime.",25,Facile,;Hiver;Printemps;Été;Automne;Végétarien;Carnivore;Fruits de mer;Poisson;,dejeuner/diner
Frites au four,https://www.cuisine-etudiant.fr/image/recette/400250/30df85dca01903c0f04550bd437cd8d89dca587c-frites-au-four.jpg,"Préchauffez votre four à 200°.<br>Épluchez et coupez les pommes de terre.<br>Les rincer et les mettre dans un saladier. <br>Ajoutez la cuillère à soupe d'huile ( et le paprika ) et bien mélanger.<br>Sur la plaque du four, étalez du papier sulfurisé et étalez vos frites. <br>Placez au four pendant 25 minutes et mélangez à mi cuisson.<br>Bon appétit !",15,Simplissime !,;Hiver;Printemps;Été;Automne;Végétarien;,dejeuner/diner
Frites light au four,https://www.cuisine-etudiant.fr/image/recette/400250/003cd9634ccf22273b768665dc29d8758cf01505-frites-light-au-four.jpg,"Eplucher les pommes de terre et les couper en forme de frites.<br>Dans un saladier, mettre un peu d'huile avec du paprika.<br>Tremper les frites dans le mélange (pas tout en même temps!!).<br>Disposer du papier aluminium sur une plaque de four, puis placer les frites sur l'aluminium.<br>Enfourner jusqu'a que les frites soient dorées (environ 40 minutes).",18,Facile,;,dejeuner/diner
Galette de pomme de terre fourrée,https://www.cuisine-etudiant.fr/image/recette/400250/bc5310edaa6d12ef35bd749ea1cef7fa13de3d4d-galette-de-pomme-de-terre-fourree.jpg,"Éplucher les pommes de terre et les râper.<br>Ajouter un oeuf et un peu d'herbes de Provence.<br>Dans une casserole sur feu doux verser la crème fraîche et ajouter 2 c.c de parmesan, laisser prendre pendant 5 minutes jusqu'à obtention d'une sauce onctueuse.<br>Saler, poivrier<br>Dans une poêle sur feu moyen faire fondre une noisette de beurre.<br>Verser la moitié des pommes de terre, déposer une tranche de jambon (préalablement découper de la taille de la galette), ajouter la sauce au parmesan, remettre une tranche de jambon, puis verser le reste de la préparation.<br>Laisser la galette 15 minutes d'un coté en la décollant pour pas qu'elle n'accroche, premier une spatule ou une assiette puis retourner la poêle dessus, faites glisser la galette dans la poêle pour cuire l'autre côté puis laisser 15-20 minutes.",43,Intermédiaire,;Hiver;Printemps;Automne;Carnivore;Fromage;,dejeuner/diner
Galettes Choufleur Sésame Vegan,https://www.cuisine-etudiant.fr/image/recette/400250/55aa50a5273e806de7cc3f92bda830918c980246-galettes-choufleur-sesame-vegan.jpg,"Faire cuire le chou-fleur dans de l’eau bouillante et le réduire en purée<br>Ajouter les flocons d’avoine, les graines de sésame, la crème soja et les épices.<br>Former des galettes de la taille de la paume de la main<br>Dans une poêle chaude, ajouter un fond d’huile d’olive et faire revenir les galettes 5 min par côté.<br>A servir avec une salade verte !",30,Intermédiaire,;Hiver;Printemps;Été;Automne;Végétarien;Sans gluten;,dejeuner/diner
Gnocchis au poulet et au parmesan,https://www.cuisine-etudiant.fr/image/recette/400250/91e9dfa10fe834ae6600cb774a5f1d1013e23c6b-gnocchis-au-poulet-et-au-parmesan.jpg,"Couper le poulet en morceaux<br>Cuisson :<br>Dans une poêle faire revenir les gnocchis le temps indiquer sur le paquet<br>Dans une autre poêle faire cuire le poulet, une fois cuit ajouter de la crème fraiche et ajouter du parmesan, laisser prendre 2-3 minutes supplémentaires puis verser le contenu sur les gnocchis",17,Facile,;Hiver;Automne;Carnivore;Fromage;,dejeuner/diner
Gnocchis au saumon et aux champignons,https://www.cuisine-etudiant.fr/image/recette/400250/42ff0e4636c7c2956dd4bf17db921a63dbdb3627-gnocchis-au-saumon-et-aux-champignons.jpg,"Pour bien débuter la semaine, rien de tel que du saumon !<br>Découper l'oignon en petit dés et les champignons aussi. Faites les revenir à la poêle.<br>En parallèle faites chauffer l'eau pour les gnocchis.<br>Une fois les oignons et champignons cuits, rajoutez y le gruyère le yaourt avec des herbes de Provence ainsi que le saumon coupé en petits morceaux. Baisser le feux pour tenir le tout au chaud. Une fois que l'eau est chaude, plongez-y les gnocchis ( 2-3 minutes)<br>Une fois les gnocchis prêts, mélangez le tout dans une assiette.<br>Bon appétit !",10,Simplissime !,;,dejeuner/diner
Gratin de gnocchi bacon parmesan,https://www.cuisine-etudiant.fr/image/recette/400250/315e2ddfbaeba93751b6b0d2bea1b25819d50511-gratin-de-gnocchi-bacon-parmesan.jpg,"Faire cuire les gnocchis le temps conseillé. <br>Les égoutter et les disposer dans un plat à gratin.<br>Dans une casserole, faire revenir les allumettes puis les disposer dans le plat par dessus les gnocchis. <br>Dans la même casserole, faire une béchamel. Pour cela, faire fondre 20g de beurre. <br>Un fois le beurre fondu ajouter 2 cuillères à soupe de farine. <br>Bien mélanger puis ajouter 25 cL de lait. <br>Remuer sur le feu jusqu'à ce que la sauce obtienne une texture homogène et épaisse. <br>Une fois que la crème à la texture souhaitée, rajouter le parmesan (dose en fonction des goût). <br>Enfin, verser la sauce sur les gnocchis et parsemer de gruyère râpé. <br> Passer au four, 10 minutes à 180°C",40,Facile,;Fromage;,dejeuner/diner
Gratin de pâtes au Kiri,https://www.cuisine-etudiant.fr/image/recette/400250/4175b7f4509ca15e45436ade4a571309972cc3b7-gratin-de-pates-au-kiri-fastoche.jpg,"Faites cuire vos pâtes dans une casserole pendant 7/8min (selon l'envie)<br>Dans un petit plat, placez une première couche de gruyère rappé puis une de dés de jambon puis de pâtes puis de gruyère puis de dés de jambon, placez les kiris à cet endroit puis recouvrez de pâtes puis de dés de jambon puis de gruyère.<br>Mettez le tout au micro-onde pendant 5min a puissance max et dégustez le tout.<br>Bon appétit =) !!",20,Facile,;,dejeuner/diner
Grilledcheese sandwich jambon-pesto,https://www.cuisine-etudiant.fr/image/recette/400250/9aa0b66d9f2a0a3f061e74637203262006238a0a-grilledcheese-sandwich-jambon-pesto.jpg,"Prendre deux tranches d'une boule de pain de campagne (tranchée en boulangerie ou super-marché). Étalez de la margarine sur la face externe (celle qui sera en contact avec la poêle chaude) de la première tranche.<br>Sur la face interne de la tranche de pain, déposez une tranche de jambon blanc. Repliez la si elle déborde afin que les bords ne brûlent pas une fois dans la poêle. <br>Sur le jambon blanc, ajoutez vos fromages. Le cheddar et le formage ç croque-monsieur se marient très bien par leur fondant. Vous pouvez rajouter de l'emmental ou de la mozzarella pour apporter de l'élasticité. <br>Étalez de la sauce pesto sur la face interne de la seconde tranche de pain, puis fermez le sandwich. Beurrez à la margarine le face externe de la seconde tranche de pain.<br>Faites chauffer à feu moyen dans une poêle environ une cuillère à soupe d'huile d'olive. Une fois chaud, déposez y le sandwich côté margarine et laissez cuire environ une minute. <br>Afin qu'il ne s'effondre pas, retournez le sandwich à l'aide d'une spatule large (une spatule à steak haché fait très bien l'affaire), et laissez cuire à nouveau une minute. Retournez le sandwich encore et encore dans la poêle jusqu'à ce qu'il soit cuit à votre convenance. <br>Astuce : le pain ayant tendance à beaucoup absorber la matière grasse de la poêle, il ne faut pas hésiter à remettre un peu d'huile d'olive pendant la cuisson si elle vient à manquer, afin d'éviter qu'il ne carbonise. <br>Servir chaud, seul pour un repas rapide, ou avec de la salade verte ou des tomates pour quelque chose de plus équilibré (et moins culpabilisant). Découpez en carrés pour un apéritif. <br>Bon appétit !",10,Facile,;Hiver;Printemps;Été;Automne;Fromage;,dejeuner/diner
Hachis Parmentier au brocoli,https://www.cuisine-etudiant.fr/image/recette/400250/484a66286cd893d98206f3388ece9069776a4205-hachis-parmentier.jpg,Faites cuire le brocoli pendant 15min et réduisez le en purée avec de la crème <br>Faites revenir la viande hachée avec les oignons<br>Dans un plat placer la viande puis la recouvrir de la purée de brocoli et rajouter le gruyère dessus<br>Faites gratiner 10 min,32,Facile,;Hiver;Automne;,dejeuner/diner
Jambalaya,https://www.cuisine-etudiant.fr/image/recette/400250/8d13c4ee46bab120e8b6cd8982107e2174e8dbca-houmous-libanais-hyper-facile.jpg,"Découper le poulet en morceau et le chorizo. Couper le poivron et l'oignon en petits morceaux. Peler la tomate, l'épepiner et la couper en morceaux.<br>Dans une casserole dissoudre le bouillon dans l'eau.<br>Cuisson :<br>Dans un wok huilé mettre les oignons et les poivrons pendant 5 minutes a feu moyen. Ajouter poulet, chorizo et tomate puis laisser 5 minutes. Ajouter les épices, le riz et verser le bouillon puis couvrir 15-20 minutes en remuant de temps en temps. Rajouter du concentré de tomate mélanger puis servir",38,Facile,;Hiver;Printemps;Été;Automne;Carnivore;,dejeuner/diner
Le grilled cheese,https://www.cuisine-etudiant.fr/image/recette/400250/ddb6203169c76be4c93172b2461c81fd16473029-le-grilled-cheese-sandwich.jpg,"Prenez les deux tranches de pain de mie et tartinez-y du beurre sur un côté de chaque tranche de pain. Mettez les côtés comportant le beurre vers l’extérieur. Mettez le fromage en tranche et le bacon ou le jambon crue (facultatif) à l'intérieur des tranches de pain (le beurre ne touchant pas le fromage et la viande). Mettez votre sandwich dans votre poêle. Mettre à feu moyen. Et dorer le sandwich d'un côté puis, à l'aide de la spatule, vous pouvez tourner le sandwich de l'autre côté. Les deux côtés doivent être dorée et le fromage fondu. Vous pouvez ensuite couper le sandwich en deux (en diagonale). Le grilled cheese peut se manger avec une salade verte en accompagnement.",8,Simplissime !,;Végétarien;Fromage;,dejeuner/diner
Lentilles Carottes Curry Coco,https://www.cuisine-etudiant.fr/image/recette/400250/b6cfb970b7fdb9ca4cee7e90c58ed92c76966a24-lentilles-carottes-curry-coco.jpg,"Éplucher et couper en petit morceaux les carottes.<br>Les faire revenir avec un peu d’eau dans un casserole chaude pendant 15/20 min (selon si vous les voulez plus ou moins croquantes)<br>Couper l’oignon en petit morceaux et les ajouter aux carottes.<br>Saler, poivrer , et laisser cuire à feux doux pendant 5 min.<br>Rajouter votre portion de lentille.<br>Remuer et ajouter le lait de coco (2 càs minimum) ainsi que le curry selon le gout.<br>https://annalovesfoodblog.wordpress.com/2016/04/19/lentilles-carottes-curry-coco/",30,Simplissime !,;Hiver;Printemps;Automne;Végétarien;Sans gluten;,dejeuner/diner
Mug Cake Chèvre - Tomates séchées,https://www.cuisine-etudiant.fr/image/recette/400250/005b7cd57bc4f0b412f720a98c82436a0fc46ebd-mug-cake-chevre-tomates-sechees.jpg,"1- Fais fondre le beurre 30 secondes au micro-ondes dans le mug<br>2- Ajoute ensuite l'oeuf et mélange bien<br>3- Ajoute la farine et la levure chimique et mélange encore<br>4- Coupe les tomates séchées en (petits) morceaux et re-mélange<br>(FACULTATIF: ajoute 2 cc d'huile de tomate séchées)<br>5- Le fromage rapé s'ajoute à la préparation et tu mélanges de nouveau<br>6- Coupe des morceaux de chèvre et mélange-les<br>7- Assaisone<br>8- Fais cuire en deux fois, une minute à chaque fois, au micro-ondes à puissance maximum <br>Très bon accompagné d'une petite salade verte ou des crudités :)",12,Facile,;Automne;Fromage;,dejeuner/diner
Mug Cake jambon fromage,https://www.cuisine-etudiant.fr/image/recette/400250/ee74c141d2275861b63576327898889c3c69da8f-mug-cake-jambon-fromage.jpg,"Couper le beurre (une grosse tranche) en morceaux puis le faire fondre au micro onde.<br>Ajouter le lait et l’œuf.<br>Mélanger.<br>Mélanger la farine et la levure à part puis l'incorporer avec le reste dans le mug.<br>Saler et poivrer à votre goût<br>Couper le jambon en petits morceaux puis ajouter à la pâte.<br>Puis mettre l'emmental, mélanger.<br>Mettre le mug au micro onde pendant 1min (peut-être plus selon votre micro onde).<br>Voilà c'est prêt !",10,Simplissime !,;Hiver;,dejeuner/diner
Mug Quiche,https://www.cuisine-etudiant.fr/image/recette/400250/c7bc25b2ffb0e57f5d0aa69a4e056d709bcae14e-mug-quiche.jpg,"1. Battez l'oeuf et le lait dans une tasse, ajoutez le sel et le poivre.<br>2. Coupez le pain en dés, mettez le dans la tasse, remuez.<br>3. Ajoutez le fromage et mélangez.<br>4. Coupez le jambon en petits morceaux, ajoutez au mélange.<br>5. Mettez au micro-ondes 1 minutes 10 à 750w.<br>Dégustez tout de suite.<br>Nos autres recettes Mug originales<br>- [Mug cookie](http://www.cuisine-etudiant.fr/recette/1434-mug-cookie)<br>- [Mugcake chocolat caramel au coeur coulant ♥](http://www.cuisine-etudiant.fr/recette/3650-mugcake-chocolat-caramel-au-coeur-coulant)<br>- [Mug cheesecake](http://www.cuisine-etudiant.fr/recette/2610-mug-cheesecake)<br>...<br>- [Et bien d'autres](http://www.cuisine-etudiant.fr/recettes/recherche?q=mug)",10,Facile,;Fromage;,dejeuner/diner
Nouilles chinoises au poulet,https://www.cuisine-etudiant.fr/image/recette/400250/0722b53fb949e2c75ab38a16fa3ddb18f848f558-nouilles-chinoises-au-poulet.jpg,"Commencez par faire revenir le poulet dans une grande poêle. Une fois qu'il blanchit, ajoutez la poêlée. Mettez le tout à feu doux et couvrez la poêle. <br>Pendant ce temps, mettez de l'eau à chauffer et portez-la à ébullition. Lorsqu'elle bout, enlevez la casserole du feu, mettez y les nouilles et couvrez pendant environ 10 minutes ( à surveiller ).<br>Enlevez l'eau que la poêlée a donnée et augmentez le feu au maximum, lorsque ça chauffe bien, faites revenir le tout avec de la sauce soja. Soyez généreux. <br>Enfin, si vous voulez ajouter un peu de gout et casser le côté un peu amer de la sauce soja, vous pouvez ajouter au tout du fond de volaille, c'est personnellement ce que je préfère. <br>Pour finir, ajoutez les nouilles à tout ça et mélangez le tout.<br>N'hésitez pas à ajouter de la sauce soja s'il en manque. <br>Bon appétit !!",30,Intermédiaire,;Hiver;Automne;,dejeuner/diner
Nouilles instantanées maison,https://www.cuisine-etudiant.fr/image/recette/400250/27e37074f10432a7474557a04dcce5ac67657835-nouilles-instantanees-maison.jpg,"Mettre une casserole d'eau à chauffer.<br>Découper l'escalope en petits morceaux, de la taille que vous voulez.<br>Découper les légumes, si possible en petits cubes.<br>Mettre les nouilles dans l'eau pendant 3 minutes (vous pouvez les mettre dès que l'eau est frémissante).<br>Faire cuire la viande et y incorporer les légumes au bout d'environ 2mn.<br>Quand les nouilles sont prêtes, les essorer, et les ajouter à la poêle avec la viande et les légumes, ajouter de la sauce soja à volonté.<br>Bien mélanger pour que toutes les nouilles soient ""sautées"" (soit un peu colorées par la sauce soja)<br> Il n'y a plus qu'à servir !",18,Facile,;,dejeuner/diner
Oeuf cocote tomaté,https://www.cuisine-etudiant.fr/image/recette/400250/520217d35411d3819aee9e7a5f3275016dd49801-oeuf-cocote-tomate.jpg,"Prendre un ramequin, placer au fond de celui-ci la tomate concassée. <br>Ajouter le jambon, que vous avez préalablement découpé. <br>Ajouter du fromage, emmental, gouda, ou autre. En fonction des goûts de chacun. <br>Séparer le blanc des jaunes d'œuf. Afin de verser dans un premier le blanc d'œuf dans le ramequin, puis faire cuire 10 min. <br>Et à la fin de ces 10 min, rajouter le jaune d'œuf, puis cuire de nouveau 5 à 10 min. <br>Sortir du four, et mettre par dessus un peu de basilic. <br>À déguster chaud avec un peu de salade. <br>Bon appétit <br>)",40,Facile,;Printemps;Carnivore;,dejeuner/diner
Oeuf cocotte en bacon,https://www.cuisine-etudiant.fr/image/recette/400250/67e66b6a77750acaed486c4055bc709f502b6858-oeuf-cocotte-en-bacon.jpg,Faire préchaufer le four a 200 degré <br>Couper un rond de pain de mie avec un verre et le mettre au fond du moule. Mettre la tranche de bacon autour des bords du moule. Ajouter une cuillère de crème fraîche et du gruyère puis casser l'oeuf dedans. On peut rajouter du bacon ou jambon dedans. <br>Enfourner pour 10-15 minutes,30,Simplissime !,;,dejeuner/diner
Oeuf dans l'trou,https://www.cuisine-etudiant.fr/image/recette/400250/814da6e19eb05a0ba8b774adccd2a989297e5a90-oeuf-dans-l-trou.jpg,"1. Découpez un tranche de pain de campagne assez épaisse. Découpez y un ""trou"" d'environ 4-5 cm de diamètre (vous pouvez utiliser un verre si vous en avez un adapté, sinon utiliser juste un couteau et vos mains :P) <br>2. Beurrer la tranche trouée d'un coté pour ne pas qu'elle accroche a la poêle.<br>3. Dans une poêle, faite chauffer un peu de beurre à feu moyen puis y déposer la tranche de pain. <br>4. Casser l’œuf dans le trou ! Attention a bien viser, vous pouvez d'abord le casser dans un récipient, mais attention a ne pas casse le jaune, ça serait dommage <br>)<br>5. Si vous le souhaitez, ajouter une tranche de jambon pas dessus, puis un peu de fromage râpé.<br>6. Laisser cuire selon vos goûts, suivant comment vous aimez l’œuf encore baveux ou bien cuit ! <br>7. Régalez vous ! Cette recette canadienne est magique, le blanc d’œufs s’imprègne dans le pain, c'est un délice !<br>Astuce : vous pouvez faire griller en même temps le pain qui étais dans le trou puis l'utiliser comme mouillette <br>)",11,Facile,;,dejeuner/diner
Oeufs brouillés,https://www.cuisine-etudiant.fr/image/recette/400250/87303d7bab2b7cda6ad6e3f3bcb21d727b58f3be-oeufs-brouilles.jpg,"Dans la casserole, casser les œufs et y ajouter le lait, le beurre en morceaux, le sel et le poivre.<br>Mettre sur feu très doux en ne cessant de fouetter les œufs jusqu'à ce qu'ils se transforment en une crème.<br>A manger tout de suite.",10,Facile,;,dejeuner/diner
Oeufs brouillés à la Chinoise,https://www.cuisine-etudiant.fr/image/recette/400250/574c96e6b895bcb8189cfeea65c0927fbf19ad97-oeufs-brouilles-a-la-chinoise.jpg,"Pour d'autres recettes et la version Anglaise https://annalovesfoodblog.wordpress.com/2017/01/02/oeufs-et-tomates-a-la-chinoise/<br>Cette recette me viens de ma colloq' chinoise, donc exclusive ! <br>) <br>Casser et battre les œufs dans un bol. Les mettre dans une poêle chaude, les brouiller sans trop les cuire. Les enlever de la poêle et réserver.<br>Eplucher et couper la tomate en morceau (elle doit être mangeable avec des baguettes !). Mettre les morceaux dans la même poêle, et cuire pendant une minute environ. Ajouter le sucre et la sauce soja et mélanger pendant 3 minutes environ.<br>Rajouter les œufs brouiller dans la poêle et laisser cuire jusqu’à convenance.<br>Servir dans un bol",25,Simplissime !,;Hiver;Printemps;Été;Automne;Végétarien;,dejeuner/diner
Oeufs brouillés au fromage et champignons,https://www.cuisine-etudiant.fr/image/recette/400250/38784fc5ac9d03098e77e954f03b54345af5f838-oeufs-brouilles-au-fromage-et-champignons.jpg,"1- Dans une poêle chaude, verse l'huile d'olive et ajouter les champignons de Paris émincés avec 4 tomates cerises. Couvrir et laisser le tout dorer. <br>2- Dans un bol, casser 2 œufs et les battre vigoureusement avec une fourchette.<br>3- Si il est entier, râper l'emmental (ou comté) et l'incorporer aux œufs. Ajouter la mozzarella préalablement coupée en morceaux. Saler, poivrer, ajouter le persil et optionnellement, un peu de piment d'Espelette. Mélanger le tout. <br>4- Verser la préparation dans la poêle contenant les tomates et champignons. Remuer sans arrêt le tout pour faire des œufs brouillés. <br>Servir avec une salade verte par exemple (salade mesclun, olives vertes, noix, graines de courge et de sésame sur la photo).",30,Intermédiaire,;Végétarien;Fromage;,dejeuner/diner
Œufs brouillés aux lardons,https://www.cuisine-etudiant.fr/image/recette/400250/f9326843c4e5c0122a9f2aefec84873be60775e1-oeufs-brouilles-aux-lardons.jpg,"Battre les œufs. Saler et poivrer. Incorporer la ciboulette hachée. <br>Faire revenir les lardons à la poêle. Pendant ce temps, éplucher la courgette et la découper en tranches fines. Éplucher et émincer finement l’oignon. Éplucher les tomates, les épépiner et les couper en petits dés. <br>Faire revenir l’oignon coupé dans une poêle jusqu’à ce qu’il soit translucide. Ajouter alors la courgette et les tomates. <br>Faire mijoter environ 10 minutes en remuant de temps en temps. Egoutter les lardons et les ajouter aux légumes. Ajouter ensuite les oeufs et mélanger plusieurs fois (les oeufs ne doivent pas durcir). Parsemer du reste de ciboulette.<br>On peut servir cette recette sur une tranche de pain complet.",15,Facile,;Hiver;,dejeuner/diner
Oeufs brouillés aux lardons.,https://www.cuisine-etudiant.fr/image/recette/400250/7b9b5f9497d52b5d00b6599497b6555d1295de96-oeufs-brouilles-aux-lardons.jpg,"1- Dans une poêle chaude, faites dorer vos lardons.<br>2- Dans une seconde poêle, mettez une noisette de beurre doux puis cassez vos deux œufs, mélangez bien, poivrez, ajoutez un peu de piment d'Espelette, de ciboulette si vous en avez et les lardons grillés. Mélangez bien.<br>S'accompagne très bien d'une salade verte !",15,Facile,;Carnivore;,dejeuner/diner
Oeufs cocotte au bacon,https://www.cuisine-etudiant.fr/image/recette/400250/ea37eaa1d176c44d6aa420eef36c9a89c669bde5-oeufs-cocotte-au-bacon.jpg,"Découper 1 tranche de bacon en petits carrés <br>Cuisson :<br>Faire préchauffer le four a 200 degré <br>Dans la cocotte placer la tranche de pain de mie préalablement decoupée de la taille de celle-ci. Ajouter du gruyère et une c.s de crème fraiche<br>Dans une poêle faire cuire a moitié les 2 tranches de bacon, puis les petits carrés <br>Placer les tranches de bacon sur les bords de la cocotte. Casser les deux oeufs dedans, y mettre les petits carrés de bacon, du sel et un peu de piment d'espelette<br>Mettre au four pour 15 minutes",20,Facile,;Hiver;Printemps;Été;Automne;Carnivore;Fromage;,dejeuner/diner
Oeufs toastés au chèvre et au miel,https://www.cuisine-etudiant.fr/image/recette/400250/fddc2175f0041d43063f0873b111babc446b440c-oeufs-toastes-au-chevre-et-au-miel.jpg,"1 ) Prendre une tranche de pain de mie , dessiner un carré à l'aide d'un couteau au sein de la tranche en laissant une petite marge de 1 cm environ sur chaque coté de la tranche.<br>2 ) Tasser la partie intérieur de la tranche de sorte qu'elle puisse contenir un oeufs sans que celui ci ne déborde.<br>3 ) Casser l'oeuf et le placer a l'intérieur de la tranche sans casser le jaune <br>4 ) Découper des tranches de fromage de chèvre que l'on vient déposer sur l'ensemble de la tranche et sur l'oeuf. <br>5 ) Verser sur le tout quelques filets de miel.<br>Enfourner à 200° durant environ 10 minutes. Faire en sorte que l'oeuf soit cuit mais encore coulant. <br>Déguster immédiatement",13,Facile,;Fromage;,dejeuner/diner
Omelette composée lardons  tomates  pomme de terre,https://www.cuisine-etudiant.fr/image/recette/400250/c79ddae0552b11c9ce181db6704656899952530f-omelette-composee-lardons-tomates-pomme-de-terre.jpg,"Faire cuire vos pommes de terre à l'eau pendant 20 Minutes.<br>Faire cuire 100g de lardons dans une poele.<br>Coupez les tomates cerises en 2.<br>Coupez les pommes de terres en rondelle puis en 2.<br>Insererer les pommes de terres et les tomates avec les lardons.<br>Ajoutez dans le tout, 2 œufs (comme au plat) !<br>Laissez cuire les œufs sur la garniture avec des herbes de Provence !<br>C'est prêt !<br>Ps: vous pouvez rajouter du gruyère !",30,Simplissime !,;,dejeuner/diner
One-Pot Pasta: Poulet & Crème,https://www.cuisine-etudiant.fr/image/recette/400250/760904c3f871d005b419fc71c906f98079175c37-one-pot-pasta-poulet-creme.jpg,"- Préparer un bouillon de volaille, réserver.<br>- Faire revenir le poulet et l'ail dans de l'huile d'olive dans une casserole, assaisonner.<br>- Lorsque le poulet est saisit, ajouter le bouillon, la crème et les pâtes crues.<br>- Faire réduire l'eau jusqu'à ce que les pâtes soient cuites et qu'assez d'eau soit évaporée pour que la sauce soit onctueuse.<br>- Parmesanner à souhait.<br>Vidéo de la recette: https://www.facebook.com/buzzfeedtasty/videos/1685259908393318/?theater",28,Facile,;,dejeuner/diner
Patatoes maison,https://www.cuisine-etudiant.fr/image/recette/400250/806f98e0a295b0254266d784f4579bd61306cc92-patatoes-maison.jpg,"3 ou 4 pomme de terre moyenne = 1 personne <br>Découper les pomme de terre en quartier en gardant la peau de la pomme de terre<br>Prendre un récipient refermable (type tupperware) ajouter un fond d'huile de tournesol, de paprika, et d'herbes de Provence, puis mélanger. <br>Mettre les pomme de terre découpé en quartier à l’intérieur du tupperware, refermer, puis secouer jusqu'à que les quartiers de pomme de terres soit imbibée du mélange. <br>Enfourner 30 minutes à 200°",30,Facile,;Végétarien; Sans gluten;,dejeuner/diner
Pâtes à l'avocat et aux pignons de pin,https://www.cuisine-etudiant.fr/image/recette/400250/a3a87bd7bacab5f7f2509682797ef2716080a447-pates-a-l-avocat-et-aux-pignons-de-pin.jpg,"1- Faire cuire les pâtes selon le temps indiquer et les laisser refroidir.<br>2- Éplucher l'avocat et l'écraser avec une fourchette. Y ajouter le jus du demi citron avec la cuillère à soupe de levure diététique.<br>3- Dans une poêle chaude, verser un filet d'huile d'olive et laisser dorer les pignons de pin. <br>4- Mélanger la sauce à l'avocat avec les pâtes, les pignons de pin et y rajouter du poivre.<br>Servir bien frais !",15,Facile,;Hiver;Printemps;Été;Automne;,dejeuner/diner
Pâtes au brocolis et sauce à l'ail,https://www.cuisine-etudiant.fr/image/recette/400250/0fd97af5cea7c0bb315e0f52c50d8b57ded7151b-pates-au-brocolis-et-sauce-a-l-ail.jpg,"Couper le brocoli et en récupérer 1/3 pour la recette, en petit morceaux de préférence <br>Couper l'ail très finement ou utiliser un presse-ail<br>Cuisson :<br>Pour les pâtes -> dans une casserole d'eau bouillante plonger les brocolis pour 20 minutes. Ajouter les pâtes selon leur temps de cuisson (pour égoutter en même temps). Puis égoutter le tout<br>Pour la sauce -> faire revenir dans un filet d'huile l'ail avec un peu de paprika, attendez qu'il brunisse et que des bulles se forment (5 minutes - feu moyen). Ajouter la crème et mélanger, puis le parmesan et mélanger. Laisser sur le feu 2 minutes puis éteindre.<br>Verser les pâtes aux brocolis égouttés dans la sauce, mélanger puis servez en saupoudrant de piment d'espelette",20,Facile,;Hiver;Printemps;Été;Automne;Fromage;,dejeuner/diner
Pâtes au Poulet - Champignon - Moutarde,https://www.cuisine-etudiant.fr/image/recette/400250/d0f8f94ad88bf951dde1a335198d444a3dd9f1fc-pates-au-poulet-champignon-moutarde.jpg,"Faites cuire 200g de tagliatelles dans une casserole d'eau salée <br>Pendant ce temps, faites dorer vos champignons fraichement émincés dans une poêle huilée<br>Rajoutez dans cette même poêle l'escalope de poulet coupée en dés<br>Ajoutez les pâtes dans la poêle pour qu'elles s'imprègnent des saveurs des champignons et du jus de poulet<br>Baissez le feu pour pouvoir ajouter votre crème (cela évitera que la crème ne se dissipe), ainsi que votre moutarde à l'ancienne.<br>Faites revenir le tout à feu doux 1 à 2 minutes<br>Servez, chaud devant !",18,Facile,;,dejeuner/diner
Pâtes crème et chorizo,https://www.cuisine-etudiant.fr/image/recette/400250/09aa0313a2d4879c50cebadb81113d74d1cca558-pates-courgettes-parmesan.jpg,"Faites bouillir de l'eau salée. <br>Coupez le chorizo en dès.<br>Mettez vos pâtes à cuire.<br>Pendant ce temps, faites revenir les dès de chorizo dans une poêle sans huile.<br>Une fois qu'ils sont un petit peu croustillants, ajoutez la crème, poivrez.",20,Facile,;Hiver;Automne;Carnivore;,dejeuner/diner
Pâtes poireaux chèvre,https://www.cuisine-etudiant.fr/image/recette/400250/97648000dfccba591f1ba5478071c53e060e5825-pates-poireaux-chevre.jpg,"-faire cuire les pâtes comme mentionné sur le paquet<br>-laver le poireaux et le couper en rondelle<br>- le faire revenir dans une poêle<br>- les pâtes cuites, égoutter les<br>-remuer le poireau<br>- couper des petits carrés de fromage de chèvres<br>- une fois le poireau cuits, ajouter les pâtes et le fromage de chèvre<br>-mélanger sur le feux <br>-Servir",30,Facile,;Fromage,dejeuner/diner
Pâtes sauce crémeuse aux champignons,https://www.cuisine-etudiant.fr/image/recette/400250/0d54baf58b2a110da25dc9bfe45115d781dcc922-pates-sauce-cremeuse-aux-champignons.jpg,"Faire cuire les pâtes dans de l'eau salée.<br>Pendant ce temps, éplucher les champignons et les laver.<br>Les couper en fines tranches.<br>Faire fondre le beurre dans la poêle, et ajouter les champignons sur feu moyen.<br>Les faire revenir jusqu'à ce qu'ils soient légèrement dorés. <br>Enlever la poêle du feu et ajouter la crème, le basilic (un tout petit peu suffit) et le poivre.<br>Une fois les pâtes cuites, les égoutter (garder une cuillère à café de l'eau) et les ajouter à la sauce (avec le reste d'eau). <br>Remettre sur feu doux, laisser la crème fondre pendant 30sec et ajouter le râpé. <br>Remuer jusqu'à ce qu'il soit bien fondu, retirer du feu et servir.<br>Voilà c'est prêt! Bon appétit!",15,Facile,;Automne;Végétarien;Fromage;,dejeuner/diner
Pâtes sauce tomates-thon,https://www.cuisine-etudiant.fr/image/recette/400250/2daf65a490dd42ff1479e65dae0fe7f716761e4c-pates-sauce-tomates-thon.jpg,Faire cuire les pâtes<br>Faire chauffer l'huile dans la poêle <br>Faire revenir les oignons coupés dans la poêle <br>Rajouter le thon et le concentré de tomate <br>Laisser mijoter le temps qu'il vous convient<br>Rajouter les tomates coupées et l'assaisonnement<br>Laisser encore un peu mijoter<br>Mélanger la sauce et les pâtes,25,Facile,;Poisson;,dejeuner/diner
Pavé de saumon sauce balsamique avec riz basmati,https://www.cuisine-etudiant.fr/image/recette/400250/2244687beee32effc52d4983504ba341208163d3-pave-de-saumon-sauce-balsamique-avec-riz-basmati.jpg,"1- Faites chauffer une cuillère d'huile d'olive dans une poêle. Faites griller chaque face 5 à 6 minutes. Verser une cuillère de vinaigre balsamique sur le poisson.<br>2- Pendant ce temps, préchauffez le four à 200°C. Dans un bol, mélangez deux cuillères d'huile avec deux cuillères de vinaigre balsamique et la cuillère de miel.<br>3- Mettre le poisson dans le plat allant au four et versez la sauce au vinaigre balsamique par-dessus. Mettre le poisson au four pendant 10 à 12 minutes. Au cours de la cuisson, arrosez le poisson 2 à 3 fois.<br>4- Pendant ce temps, préparez le riz soit à la cocotte minute pendant 6 minutes soit dans une casserole à l'eau pendant 15 minutes.<br>5- A la fin de la cuisson du poisson, rajoutez des graines (sésames) et recuire pendant 2 à 3 minutes afin que les graines grillent.<br>6- Dressez l'assiette et dégustez!",30,Facile,;Poisson;,dejeuner/diner
Pizza sans four avec des patates !,https://www.cuisine-etudiant.fr/image/recette/400250/fd695b0f8235f322893329ca0fba68958e76bb5f-pizza-pain.jpg,"Vous avez un petit appart et malheureusement pas la place pour un four ?<br>Vous AADDDOOORREZ les pizzas et vous avez pas envie de dépenser 10€ pour une pizza livrée chez vous?<br>Comme je vous comprends ! <br>La recette que je vous propose n'est certes peut-être pas digne d'une vraie bonne pizza mais ça reste quand même très bon à manger je vous rassure !<br>Vous pouvez bien sûr la personnaliser et mettre ce que vous voulez dessus comme garniture !<br>Pour faire la ""pâte"", couper les patates en très fines lamelles que vous déposerez au fond de votre poêle avec de l'huile d'olive afin de former la ""pâte"".<br>Laisser cuire 10 minutes pour qu'elles deviennent un peu croquantes puis mettez par dessus la garniture que vous souhaitez. <br>Sur cette image j'ai ensuite tartiné le concentré de tomate par dessus les patates puis j'ai rajouté le jambon, les champignons, la mozzarelle et pour finir l’œuf. <br>Laisser cuire 5 minutes et faites glisser votre pizza dans votre assiette !<br>Bon appétit !!!",25,Facile,;Hiver;Printemps;Été;Automne;,dejeuner/diner
Pizza Tortilla,https://www.cuisine-etudiant.fr/image/recette/400250/edcd7870e8c7000d8d42139f43ff1510b52b346c-pizza-sans-four-avec-des-patates.jpg,"Sur une tortilla étaler environs 2 cuillères à soupe de sauce bolognaise. (plus ou moins, c'est par rapport à vos goût!)<br>Recouvrir de fromages râpé et ensuite tout simplement garnir de ce que vous désirez. :) <br>Remettre autant de fromage que vous voulez au dessus!<br>Vu qu'il n'y a pas besoin de cuire la pâte, la cuisson est relativement rapide. A 180° pendant 3/5mins à peine. Le temps que le fromage soit fondu...<br>Idées garnitures:<br>- Carnivore: viande hachées, saucisses, fromages à hamburger/croques monsieur, morceaux de tomates et des poivrons.<br>- Végétarienne: Tomates séchées, poivrons, olives noires, tofu.<br>- Méditerranéenne: thon, tomates séchés, olives noires, herbes aromatiques.<br>- Etc... Soyez créatif, faites vos propres créations et donnez les moi en commentaires! <br>)<br>Dernier conseils: pour la découpe, un ciseaux de cuisine est bien pratique.<br>Bon Appétit~",15,Intermédiaire,;Été;Végétarien;Carnivore;Poisson;,dejeuner/diner
Poêlée d'émincés de poulet - poivrons - tomates.,https://www.cuisine-etudiant.fr/image/recette/400250/ca2e928fa9a5d76b9dbf6c2f54f737b5cab14421-poelee-d-aubergine-chevre.jpg,"1- Coupes en petits cubes votre poivron rouge après l'avoir lavé et épépiné ainsi que vos tomates cerises. <br>2- Faites chauffer une poêle avec une de l'huile d'olive. <br>3- Faites revenir vos cubes de poivrons avec vos tomates cerises pendant environ 10 minutes<br> assaisonnez avec poivre, sel, persil, piment d'Espelette et ail.<br>4- Finalement, ajoutez vos morceaux de poulet rôti, mélangez bien et couvrez pendant 5 à 10 minutes supplémentaires. <br>S'accompagne très bien d'une salade verte, de riz ou de pâtes (comme sauce).",20,Facile,;,dejeuner/diner
Poêlée d'haricots verts  champignons et poulet,https://www.cuisine-etudiant.fr/image/recette/400250/85b9410133dd9e2b3dae0508374e33e4f220a045-poelee-d-eminces-de-poulet-poivrons-tomates.jpg,"1- Dans une poêle chaude, verser un filet d'huile d'olive et faire revenir votre demi oignon préalablement coupé en petits morceaux<br>2- Lorsque celui-ci devient translucide, y ajouter les champignons de Paris, le sel, le poivre et le persil et laisser le tout dorer 2/3 minutes.<br>3- Ajouter à la préparation les haricots verts.<br>4- Dans une poêle à part, verser un peu de crème soja ou crème fraîche avec une pointe de moutarde et du poivre<br> laisser la sauce mijoter quelques instants.<br>5- Ajouter la sauce aux légumes, puis les dés de poulet<br> couvrir pendant 5/10 minutes.<br>C'EST PRÊT !",20,Intermédiaire,;Hiver;Printemps;Été;Automne;Carnivore,dejeuner/diner
Poivrons à l'indienne,https://www.cuisine-etudiant.fr/image/recette/400250/3c5a93cffc93ceed5879abb1b0d7d8d4c02c1e33-poivrons-a-l-indienne.jpg,"Faire cuire le riz dans la casserole et pendant ce temps éplucher et couper les poivrons en lamelles.<br>Faire revenir à la poêle les poivrons avec le beurre.<br>Une fois le riz cuit et égouté, l'ajouter aux poivrons et bien le laisser s'imprégner du jus.<br>ajouter le lait de coco et la crème, ainsi que les épices.<br>Bien mélanger et servir chaud !",27,Facile,;Végétarien;Sans gluten;,dejeuner/diner
Poivrons aux œufs,https://www.cuisine-etudiant.fr/image/recette/400250/01f1e352c5ff38c799c75767834a2575554c694d-poivrons-aux-oeufs.jpg,"Temps de préparation : 5 minutes<br>Temps de cuisson : 5 minutes<br>Préparation de la recette :<br> . Passer le poivron sous l'eau.<br> . Retirer la queue du poivron puis vider-le (assurez-vous qu'il soit bien vide).<br> . Couper le poivron en plusieurs lamelles creuses.<br> . Disposer les lamelles dans une poêle.<br> . Casser un œuf entier dans chaque lamelle, puis assoner à votre goût.<br> . Faites cuire.<br> . Rajouter une salade vinaigrée ensuite comme accompagnement et des toasts de pain grillés.<br>Remarques :<br>Vous pouvez utilisez différentes couleurs de poivrons (pour le plaisir des yeux) et ajouter différentes herbes .. Selon vos goûts!",13,Facile,;Hiver;Printemps;Automne;Végétarien;,dejeuner/diner
Pomme de terre au micro-onde,https://www.cuisine-etudiant.fr/image/recette/400250/3b21ea8d3ff04214f12a3943947d7569f6782011-pomme-de-terre-au-micro-onde.jpg,"Parce que tu aime les pommes de terre à l'eau ou que tu as envie de te faire une raclette mais que les pommes de terre ça met du temps à cuire à l'eau quand tu as pas de cocotte minute ? Alors voilà la solution: le micro-onde ! <br>Epluche ta pomme de terre et découpe la en morceaux (cela facilite la cuisson. Place là dans ton bol, met 2 CS d'eau, met du film au-dessus du bol et met au micro-onde puissance maximal pendant 3 minutes et voilà ! <br>Vérifie la cuisson, sale et poivre et c'est prêt ! :D",5,Simplissime !,;Végétarien;Sans gluten;,dejeuner/diner
Pomme de terre farcie façon pizza,https://www.cuisine-etudiant.fr/image/recette/400250/642dd8d20a8cc5c7feb9893221ccb4276148c065-pomme-de-terre-farcie.jpg,"Lavez les pommes de terres et les couper en deux dans le sens de la longueur <br>Dans un saladier mélangez le jambon avec la sauce tomate et une partie de la mozzarella puis salez et poivrez<br>Pour la cuisson :<br>Mettre les pommes de terre a cuire dans l'eau bouillante pendant 10 à 15 minutes<br>Faites préchauffer le four a 200 degré <br>Sortez les pommes de terres de l'eau et creuser les a moitié <br>Mettre les pommes de terre au four pendant 20 minutes, les sortir et les garnir de la préparation, rajoutez un peu de mozzarella sur le dessus et ré enfournez pour 5 minutes puis servez",32,Intermédiaire,;Sans gluten;Fromage;,dejeuner/diner
Pommes de terre a l'indienne,https://www.cuisine-etudiant.fr/image/recette/400250/63eccbd4606571fa338c9a735a2affb1fffb3374-pomme-de-terre-farcie-facon-pizza.jpg,"Laver les pommes de terre et les couper en deux. Dans un bol mettre les pommes de terre, ajouter l'huile et tous les épices <br>Cuisson : placer les pommes de terre sur une plaque et faire cuire 30 minutes a 200 degré",35,Facile,;Hiver;Printemps;Été;Automne;,dejeuner/diner
Pommes de terre au four,https://www.cuisine-etudiant.fr/image/recette/400250/5d3aae7b6a738d13667ca244f982b42ceb5cc552-pommes-de-terre-au-chorizo-et-a-l-emmental.jpg,"Laver les pommes de terre, les essuyer.<br>Prenez la pomme de terre, coupez la en 2 , insérez-y quelques morceaux d'ail, et quelques filets d'huile d'olive afin de rendre la préparation moins sèche.<br>Emballez chaque pomme de terre dans du papier aluminium, les disposez sur la plaque du four, et les faire cuire 50 min, thermostat 8.<br>Vérifiez la cuisson en plantant un couteau.<br>Sauce :<br>Mélanger tous les ingrédients dans un bol et émulsionner avec un fouet...",29,Facile,;Hiver;Automne;Végétarien;,dejeuner/diner
Pommes de terre gratinées au four,https://www.cuisine-etudiant.fr/image/recette/400250/9d9b45fa4539126831ed9ff0ba81c19aeea1cdde-pommes-de-terre-farcies-au-four.jpg,"Laver et essuyer la pomme de terre. Piquer la toute entière avec une fourchette. Verser un peu d'eau au fond d'une assiette puis la recouvrir d'un sopalin humide. La mettre au micro onde 6 minutes.<br>La découper en deux et gratter l'intérieur. Le mettre dans un bol et mélanger avec la crème fraîche, le basilic coupé. Remplir avec les pommes de terre et recouvrir de gruyère <br>Cuisson : au four 15 minutes a 180 degré",25,Simplissime !,;Hiver;Automne;Fromage;,dejeuner/diner
Porc sauté aux nouilles chinoises,https://www.cuisine-etudiant.fr/image/recette/400250/371aa1d5c8578f1a7a18a3c5036bd461958b9609-porc-saute-aux-nouilles-chinoises.jpg,"Préparation : 15 min<br>Cuisson : 25 min<br>Etape 1<br>Versez l'huile dans le wok et faites chauffer 3 min à feu moyen.<br>Etape 2<br>Pelez et émincez les oignons. Coupez les haricots en morceaux d'un centimètre.<br>Etape 3<br>Faites revenir les oignons et les haricots. Ajoutez les poivrons émincés. Faites cuire 10 min.<br>Etape 4<br>Ajoutez le porc coupé en fines lanières, l'ail puis la sauce soja, le vinaigre et les nouilles cuites.<br>Etape 5<br>Faire sauter le tout pendant 15 min.<br>Etape 6<br>Servez chaud !",40,Facile,;Carnivore;,dejeuner/diner
Poulet à la crème et aux champignons,https://www.cuisine-etudiant.fr/image/recette/400250/6070fee397e080b58be05f10cc307991abb1fcad-poulet-a-l-estragon-de-ma-mamie.jpg,"1) Faire cuire le riz<br>2) Couper la cuisse de poulet en dès (ou petits morceaux), l'oignon et les champignons<br>3) Faire revenir l'ail et l'oignon dans une poêle, puis ajouter le poulet et les champignons<br>4) Laisser mijoter<br>5) Ajouter la crème et le riz dans la poêle<br>6) Mélanger<br>C'est prêt ! Bon appétit !",35,Facile,;Hiver;Automne;Carnivore;,dejeuner/diner
Poulet au curry et ses légumes accompagné de riz,https://www.cuisine-etudiant.fr/image/recette/400250/b91ec1ad9e63467e7036653c3d5cb7dffdeb7535-poulet-au-curry-et-ses-legumes-accompagne-de-riz.jpg,"Dans la poêle chaude mettre à fondre du beurre, y ajouter les oignons découpés et l'ail, faire revenir jusqu'à que les oignons soient dorés.<br>Parallèlement faire bouillir de l'eau pour le riz.<br>Couper la courgette en rondelles et le poivron en fines tranches, les faire cuire dans la poêle. <br>Couper l'escalope de poulet en morceaux ni trop gros ni trop petits (selon les goûts) et les faire revenir dans la poêle avec les légumes, sans oublier d'assaisonner de sel et poivre.<br>Introduire le riz dans l'eau bouillante et laisser cuire.<br>Dès que le poulet est cuit, baisser le feu/plaque à 1, et parsemer d'une cuillère à café de curry<br> bien mélanger. <br>Y rajouter la crème liquide, puis une autre petite cuillère de curry (selon les goûts). <br>Laisser mijoter pendant 2/3 min à feu doux.<br>Servir le riz et le poulet.<br>Bon appétit!",22,Facile,;Carnivore;,dejeuner/diner
Poulet au poivron rouge et cheese naans,https://www.cuisine-etudiant.fr/image/recette/400250/baa0e915069cdf1afaa4173ca2c85def59fe3f4d-poulet-au-poivron-rouge-et-cheese-naans.jpg,"• Préparez la pâte des cheese naans :<br>- Mettez dans un saladier la farine, le yaourt nature, la demie cuillère de levure chimique et une pincée de sel. <br>ASTUCE : ajoutez une pincée des épices au paprika à la pâte. <br>)<br>- Mélangez vigoureusement jusqu'à obtenir une pâte qui ne colle pas aux doigts quand vous la prenez dans votre main.<br>- Laissez reposer la pâte à l'air libre pendant une quinzaine de minutes.<br>• Pendant ce temps préparez le poulet :<br>- Émincez l'escalope en fines lamelles, ou en petits morceaux qui puissent tenir sur la fourchette.<br>- Épépinez le poivron, coupez-le en petit dès.<br>- Verser un soupçon d'huile d'olive dans votre poêle et faîtes-la chauffer. Une fois chaude, mettez-y le poulet et le poivron.<br>- Saupoudrez d'épices à volonté.<br>- Laissez cuire à feu très doux. Mélangez régulièrement.<br>- Lorsque la viande commence à dorer et que les poivrons sont ramollis, faites cuire quelques minutes à feu vif pour dorer le poulet et les poivrons.<br>- Ajoutez la crème fraiche, mélangez et coupez le feu sous la poêle.<br>• Faire cuire les cheese naans :<br>- Faites de boules de pâtes de taille à tenir dans votre paume.<br>- Aplatissez la boule de pâte le plus fin possible (comme une crèpe) avec un rouleau. <br>ASTUCE : saupoudrez la table où vous aplatissez la pâte, de farine.<br>- Badigeonnez la pâte de fromage kiri (mais pas trop !) et refermez la pâte en deux.<br>- Faites chauffer votre poêle et mettez de l'huile au fond (juste un peu).<br>- Faites cuire le cheese naan dans la poêle, environ 7 minutes de chaque côté.<br>Servez ! :D Bon appétit !",43,Intermédiaire,;Carnivore;,dejeuner/diner
Poulet coco,https://www.cuisine-etudiant.fr/image/recette/400250/9f28c8b7dd76ffb13f25883b6bdb488b4167d9c6-poulet-coco.jpg,"C'est assez simple : <br>-mettez une casserole d'eau sur le feu.<br>-pendant ce temps, coupez les oignons en lamelles, faites les revenir dans une poile.<br>-lorsque les oignons sont juste dorés, ajoutez les escalopes de poulet (ou de dinde) coupées en morceaux, laissez a feu moyen.<br>-lorsque le poulet est cuit, rajoutez si vous en avez un peu de curry, et d'herbes de Provence, puis le lait de coco. Si vous en avez sous la main, un peu de gingembre, ou de crème fraîche.<br>-faites cuire le riz, égouttez le et servez.",16,Intermédiaire,;Carnivore;,dejeuner/diner
Poulet korma,https://www.cuisine-etudiant.fr/image/recette/400250/8d5bcfa68ebeb83c6409b0b04f622f41c97e40ba-poulet-facon-forestiere.jpg,"Dans un bol mélanger yaourt et ail. Découper le poulet en morceau et le mettre dedans pour 1 a 2 heures <br>Faire torréfier les amandes a la poêle 5 minutes a feu fort. Les mettre dans le hachoir avec l'oignon en morceau et le concentré de tomates.<br>Cuisson :<br>Dans le wok mettre le poulet, la préparation aux amendes, le lait de coco, les épices (sauf curry) et la marinade. Laisser 10 minutes.<br>Couvrir 10 minutes supplémentaires. Ajouter le curry et mélanger. Retirer du feu après 3 minutes et parsemer d'amandes effilés.",40,Intermédiaire,;Hiver;Printemps;Été;Automne;Carnivore;,dejeuner/diner
Poulet mariné aux épices,https://www.cuisine-etudiant.fr/image/recette/400250/6747e2a9cf0ffc49c96181b7fd8f4162d16b49b6-poulet-marine-au-citron-miel-et-herbes.jpg,Découper le filet de poulet en lanières. Dans un bol mélanger l'huile et l'épice choisi. Laisser mariner 30 minutes. <br>Cuisson :<br>Dans une poêle bien chaude déposer les lanières de poulet et cuire 5 minutes de chaque côté,15,Facile,;Hiver;Printemps;Été;Automne;Carnivore;,dejeuner/diner
Poulet  riz  légumes et curry,https://www.cuisine-etudiant.fr/image/recette/400250/448e78f7920871bd6280007844f52ebdb11c4827-poulet-tomates-cerises-courgettes-avec-pennes.jpg,"Tu cherches une petite recette qui casse pas 3 pattes à un canard mais qui soit bonne pour ton petit body? Alors réalises donc ce petit plat (tu peux même le préparer la veille et le faire réchauffer au micro-ondes #EtudiantStagiaire)<br>- Eminces ton oignon et fais le revenir dans un peu d'huile d'olive jusqu'à ce qu'il deviennent translucide puis réserve le.<br>- Faire cuire dans la poêle ta demie aubergine réserve la aussi<br>- Fais pendant ce temps cuire ton riz à la casserole mais ATTENTION<br> fais le cuire 2 minutes de moins que le temps prévu (genre 8min au lieu de 10)<br>- Fais cuire à feu moyen-doux ton bon poulet (parce que le poulet c'est bon) et ajoutes-y un peu de curry et 5 baies (parce que c'est bon aussi!)<br>- Egouttes ton riz dans une passoire<br>- Une fois ton poulet prêt ajoutes le riz, l'oignon, le poivron et l'aubergine dans la poêle à poulet (avec la volaille)<br>- Rajoutes un petit fond d'eau et saupoudre de Curry (généreusement car c'est bon mais dis donc tout est bon!)<br>- mélanges bien le tout et laisses chauffer 2-3 minutes à feu moyen-doux<br>Bon app' :)",15,Intermédiaire,;Hiver;Printemps;Été;Automne;Carnivore;Sans gluten;,dejeuner/diner
Pour changer des pâtes carbo !,https://www.cuisine-etudiant.fr/image/recette/400250/37395613f00138d7019418ad06046b274b7bf2cb-poulet-riz-legumes-et-curry.jpg,"Commencer par faire cuire les pâtes avec quelques gouttes d'huile d'olive et une pincée de sel. <br>Couper le saumon fumé en fine lamelle. <br>Rajouter la crème fraîche au saumon. Assaisonner (sel, poivre et herbes de Provence). <br>Rajouter la sauce au saumon fumé. <br>Mettre le saumon avec la sauce au micro-onde deux minutes (à faire une fois que les pâtes sont presque cuites). <br>Egoutter les pâtes et rajouter la préparation. <br>Bon appétit !",15,Facile,;Fruits de mer;,dejeuner/diner
Purée maison,https://www.cuisine-etudiant.fr/image/recette/400250/4d1de7ad9d6c587c1e2774b55c913de491a51347-puree-de-patates-douces-de-ma-pote.jpg,"Éplucher et couper en quatre les pommes de terre<br>Mettre les pommes de terre dans la casserole y ajouter de l'eau et du sel<br>Planter un couteau dans la pomme de terre s'il s'enfonce égoutter-les <br>Remettre les pommes de terre dans la casserole, y ajouter sel poivre, jaune d’œuf et crème fraîche<br>Écraser avec le presse purée ou une fourchette<br>(Vous pouvez ajouter du gruyère) <br>Plus qu'à servir et à déguster",25,Facile,;Hiver;Automne;Sans gluten;,dejeuner/diner
Quesadillas,https://www.cuisine-etudiant.fr/image/recette/400250/e445372df059faa70b134e387e825d1924131f06-puree-maison.jpg,"Coupez le poulet en morceau et le mélanger avec les épices, le sel et le poivre.<br>Le faire revenir dans une poêle avec de l'huile d'olive. <br>Quand c'est fait il est temps de préparer les quesadillas. <br>Sur une partie de la galette vous disposer le fromage, la crème et le poulet si vous voulez vous pouvez rajoutez des petits légumes ou oignons c'est vous qui choisissez. <br>Ensuite vous fermez la galette afin que ça forme un demi cercle, une demi lune. <br>Puis faire chauffez la galette dans la poêle 2 min de chaque côté environ, il faut que le fromage fonde. <br>Quand c'est fait vous pouvez soit la manger comme ça ou la coupez pour une soirée entre potes. <br>Libre à vous de garnir vos quesadillas avec ce que vous voulez comme de la viande haché, passion, légumes ...",30,Intermédiaire,;,dejeuner/diner
Risotto de carottes,https://www.cuisine-etudiant.fr/image/recette/400250/7891bb3fcfe45960d37e02628ecbe0225ed4e6a5-risotto-de-carottes.jpg,"Découper les carottes en tout petits cubes <br>Émincés finement les oignons <br>Dans une sauteuse faire fondre une noisette de beurre et faire doré les oignons (5-7 minutes). Ajouter les carottes et mélanger. Verser du vin blanc à hauteur et attendre que les carottes aient absorbées <br>Dans une casserole faire bouillir l'eau avec le bouillon cube<br>Ajouter le bouillon aux carottes a hauteur et couvrez, répéter l'opération plusieurs fois jusqu'à expiration du bouillon en remuant de temps en temps",50,Intermédiaire,;Hiver;Printemps;Été;Automne;Végétarien;,dejeuner/diner
Riz aromatisé aux knackis,https://www.cuisine-etudiant.fr/image/recette/400250/b4a988110244ac5eb9ad30aad75893e780c55f1e-riz-aromatise-aux-knackis.jpg,"Découper en petits morceau poivrons, oignons et knackis<br>Cuisson :<br>Dans une casserole faire bouillir de l'eau avec un bouillon (boeuf, épicé...) et du curcuma jusqu'à coloration de l'eau de façon presque opaque<br>Y plonger le riz pendant 10 minutes<br>Dans un poêle faire revenir oignons et poivrons dans une noisette de beurre pendant 5-7 minutes, ajouter les knackis pendant 3 minutes puis verser le riz dans la poêle. Laisser jusqu'à ce que le riz ça légèrement craquant (5-8 minutes)",25,Facile,;Hiver;Printemps;Été;Automne;Végétarien;Carnivore;,dejeuner/diner
Riz au chèvre et poivron,https://www.cuisine-etudiant.fr/image/recette/400250/9298a62512434d56ac2a8e2895ab447a9ad62a04-riz-au-chevre-et-poivron.jpg,"1 Coupez et faites revenir les oignons avec l'huile d'olive<br>2. Faites cuire le riz (environ 10 minutes)<br>2. Pendant ce temps coupez le poivron en petits dés<br>3. Rajoutez le poivron coupé aux oignons et mélangez le tout<br>4. Une fois le riz cuit, égouttez le et rajoutez-y le fromage de chèvre coupé en petits dés<br>5. Rajoutez les morceaux de poivron et les oignons au riz<br>6. Salez, poivrez et dégustez",15,Facile,;Végétarien;Fromage,dejeuner/diner
Riz au chorizo carottes,https://www.cuisine-etudiant.fr/image/recette/400250/4a9a8c49d603210db600060c702e3ab9c9010551-riz-au-chorizo-carottes.jpg,"1. Eplucher et couper les carottes en rondelles. Les cuire à feu doux, couvert, avec un peu d'huile d'olive. Y ajouter les épices et le sel.<br>2. Faire bouillir l'eau afin de cuire le riz.<br>Ajouter les oignons aux carottes à mi-cuisson. Vous pouvez rajouter du miel pour un plat sucré/salé.<br>3. Couper les tranches de chorizo en 4.<br>4. Peu avant la fin de cuisson des carottes, ajouter le chorizo puis le riz. Faire mijoter à feu doux pour réchauffer le tout.<br>Bon appétit !",30,Simplissime !,;Hiver;Printemps;Été;Automne;Carnivore;Sans gluten;,dejeuner/diner
Riz au thon & brocolis à la japonaise.,https://www.cuisine-etudiant.fr/image/recette/400250/35096e836039f0d3c6017a2360283279e24f511a-riz-au-thon-brocolis-a-la-japonaise.jpg,"1- Dans une casserole, faites bouillir de l'eau et faites cuire votre riz basmati selon le temps indiqué avec les branches de brocolis (le tout dans la même casserole).<br>2- Pendant ce temps, émiettez le thon.<br>3- Lorsque le riz et les brocolis sont cuits, égouttez les, rincez-les à l'eau froide, ajoutez les au thon émietté et mélangez. <br>4- Assaisonnez avec une cuillère à soupe d'huile de tournesol, de la sauce teriyaki ou sauce soja sucrée ou salée selon vos goûts, les graines de sésame, le sel et le poivre. <br>A manger froid en tant que salade, ou chaud.",15,Facile,;,dejeuner/diner
Riz avec sauce oignon thon tomate,https://www.cuisine-etudiant.fr/image/recette/400250/13e2ae5f3063ae344155711de4ecb928cbaf160d-riz-avec-sauce-oignon-thon-tomate.jpg,"Porter de l'eau salée à ébullition dans une casserole et faites-y cuire votre riz.<br>En parallèle, coupez un oignon en petits morceaux et faites revenir dans une poêle avec de l'huile. Ajoutez y par la suite un peu de thon à la tomate puis de la crème fraîche.<br>Une fois le riz prêt, égouttez, ajoutez la sauce, salez et c'est prêt !",15,Facile,;Poisson;,dejeuner/diner
Riz avocat dinde,https://www.cuisine-etudiant.fr/image/recette/400250/8b311f842abc6de45783b04af9ccef58c80fd981-riz-avocat-dinde.jpg,"Faire chauffer l'eau pour le riz avec le bouillon.<br>En attendant, découper en petit dès l'avocat, et émincer l'escalope.<br>Faire revenir l'escalope avec un peu de poivre, puis rajouter l'avocat.<br>Une fois cuit, ajouter la crème fraîche.<br>Mélanger la préparation avec le riz et déguster.",30,Facile,;,dejeuner/diner
Riz Cantonais,https://www.cuisine-etudiant.fr/image/recette/400250/5b62ea0262601d3d06d704abeb2ab2bcc4d95dba-riz-cantonais.jpg,"1- Faire cuire votre riz selon le temps indiqué puis le laisser égoutter. <br>2- Émincer un demi oignon blanc et le mettre dans une poêle chaude avec un filet d'huile de tournesol<br>attendre qu'il devienne translucide. <br>3- Pendant ce temps, battre l’œuf dans un bol avec une fourchette et le verser dans une poêle chaude afin de réaliser une omelette bien cuite. Lorsque celle-ci est dorée et ferme, la sortir de la poêle et la couper en lamelles puis en dés. <br>4- Ajouter à la première poêle contenant l'oignon émincé les petits pois préalablement égouttés et rincés.<br>5- Couper en petits dés votre jambon/porc et l'ajouter à la poêle avec l'omelette en morceaux. <br>6- Faire revenir le tout avec de la sauce soja, du poivre et du sel et les graines de sésame.<br>7- Après quelques minutes, ajouter le riz à la poêle, couvrir et laisser le tout mijoter et s'imprégner pendant 15 minutes en baissant le feu. <br>C'est prêt !",35,Intermédiaire,;,dejeuner/diner
Riz frit au chorizo (spécial hangover),https://www.cuisine-etudiant.fr/image/recette/400250/5456f566e91f14fd66ef762af1166c2f5121d9ed-riz-frit-au-chorizo-special-hangover.jpg,"- faire cuire le riz dans de l'eau avec un kub'or <br>- pendant que ça cuit couper le chorizo et les oignons en morceaux <br>- dans le une poele faite cuires les oeufs en les brouillants en morceaux pas trop gros avec sel, poivre et un peu de paprika, une fois cuit retirer les de la poele <br>- utiliser la même poele pour cuire les oignons et le chorizo en même temps dans un peu d'huile<br>- quand c'est cuit y rajouter le riz cuit et les oeufs, un peu de sauce soja et mélanger bien <br>- c'est prêt vous pouvez servir ! <br>PS : je fais parfois la version sans chorizo et sans oignon ça fais du bien quand votre estomac est trop barbouiller ^^",20,Facile,;Carnivore,dejeuner/diner
Riz pilaf au poulet et au poivron,https://www.cuisine-etudiant.fr/image/recette/400250/64427c75c0e534129bd762af42028cf1c176d9eb-riz-pilaf-au-poulet-et-au-poivron.jpg,"Épépinez le poivron et coupez-le en fines lamelles.<br>Coupez l'escalope de poulet en petits morceaux.<br>Dans une boîte, mélangez le poulet et le poivron.<br>Ajoutez une cuillère à café d'huile d'olive, du sel, du poivre et des herbes de Provence.<br>Faites revenir le mélange jusqu'à ce que ce soit cuit puis réservez dans la boîte.<br> Dans la même poêle, mettez un petit peu de beurre et verser un volume de riz (un peu moins d'un demi verre pour ma part).<br>Une fois qu'il est translucide, versez deux volumes de bouillon de volaille.<br>Remuez jusqu'à ce que le bouillon se soit totalement évaporé (s'il n'y a plus de bouillon et que le riz n'est pas encore cuit, ajoutez du bouillon petit à petit).<br>Une fois qu'il n'y a plus de bouillon et que le riz est cuit, rajoutez le poulet et le poivron pour réchauffer le tout.<br>Bon appétit !",25,Facile,;,dejeuner/diner
Riz  petits pois aux petits lardons,https://www.cuisine-etudiant.fr/image/recette/400250/14c45ddcfa702291ebc71e31ff2eb246cd8f508c-riz-petits-pois-aux-petits-lardons.jpg,"Mettre le riz à chauffer en suivant les indications données sur le paquet. <br>Environ à la moitié du temps de cuisson du riz, mettre les petits poids à chauffer. <br>En attendant, faire revenir les lardons dans une poêle sans ajouter de matière grasse. <br>Mélanger le tout dans un bol ou une assiette, bon appétit ! <br>Pour ceux qui trouveraient ça un peu sec, vous pouvez aussi faire revenir les lardons avec de la sauce soja !",20,Intermédiaire,;,dejeuner/diner
Salade de chèvre pané aux noisettes,https://www.cuisine-etudiant.fr/image/recette/400250/d44a321eab368f5cce3486f2742b60b1a8966b35-salade-de-chevre-pane-aux-noisettes.jpg,"Commencer en plaçant la salade et les tomates cerises dans votre assiette <br>Huiler votre poêle et faites-y revenir les lardons que vous pouvez ensuite ajouter à la salade <br>Battre le jaune d’œuf dans l'un des bols <br>Dans l'autre bol, mettre la poudre de noisettes (achetée, ou que vous aurez préalablement faite en mixant simplement des noisettes)<br>Plonger les tranches de chèvre dans le jaune d’œuf battu puis dans la poudre de noisettes jusqu'à les en recouvrir totalement<br>Faire dorer quelques minutes à la poêle, puis ajouter encore chaud à la salade<br>Vous pouvez déguster !",10,Facile,;Fromage;,dejeuner/diner
Salade de légumes verts et feta.,https://www.cuisine-etudiant.fr/image/recette/400250/fc3b54370bcb84e7d12029e666a93c6ba1cf346a-salade-de-legumes-verts-et-feta.jpg,"1- Dans une casserole avec de l'eau portée à ébullition, faites cuire votre brocolis (10 minutes environ). <br>2- Pendant ce temps, rincez vos haricots rouges et vos petits pois s'ils sont en conserve, mettez les dans un bol et ajoutez la feta coupée en petits cubes.<br>3- Une fois le brocolis cuit, coupez le et ajoutez le aux légumes<br> agrémentez de graines de courge, salez, poivrez et ajoutez une cuillère d'huile d'olive et un peu de vinaigre balsamique.<br>Réservez au frais et dégustez :).",15,Simplissime !,;Végétarien;,dejeuner/diner
Salade de pâtes au Saumon,https://www.cuisine-etudiant.fr/image/recette/400250/8926ce593040bdb36598f08336168f9be8f9c640-salade-de-pates-au-saumon.jpg,"1- Faire cuire les pâtes.<br>2- Pendant ce temps, couper la feta en dés, et le saumon en fines lamelles,<br>3- Couper en deux chaque tomate cerise, et ajouter les cerneaux de noix concassés, <br>4- Dans un saladier, mélanger les pâtes une fois qu'elles ont bien refroidit, (oui les passer sous un jet d'eau froide), avec le reste des ingrédients,<br>5- Mélanger une cuillère de crème fraîche avec du basilic, et de la coriandre, et l'ajouter à la salade de pâte, <br>6- Assaisonnez de sel/poivre selon le goût<br>C'est prêt ! :)",5,Simplissime !,; Hiver;Printemps;Été;Automne;,dejeuner/diner
Salade de pâtes au saumon fumé.,https://www.cuisine-etudiant.fr/image/recette/400250/e0eabb24359d7b9062dcd29f7746b4a059eb0a22-salade-de-pates-au-saumon-fume.jpg,"1- Faites cuire vos pâtes selon le temps indiqué.<br>2- Pendant ce temps, coupez vos tomates cerises en deux ou quatre ainsi que vos 2 tranches de saumon fumé en petits morceaux.<br>3- Une fois que vos pâtes sont cuites, égouttez-les à l'eau froide et laissez les refroidir.<br>4- Mélangez tous les ingrédients, ajoutez vos pignons de pin ainsi que l'huile d'olive et au choix du vinaigre balsamique ou le jus d'un demi citron jaune. Salez et poivrez.",30,Intermédiaire,;Poisson;,dejeuner/diner
Salade de pâtes italienne,https://www.cuisine-etudiant.fr/image/recette/400250/108b034d8caaff9b92c2ab2be0762dc139b9b891-salade-de-pates-italienne.jpg,"Faites cuire vos pâtes, en attendant coupez le jambon, la mozza en cubes, et les tomates cerises en 2. Rajoutez votre salade. Égouttez vos pâtes et rajoutez les. Finissez avec de l'huile d'olive, du vinaigre balsamique et le basilic. Mélangez et c'est prêt !",15,Simplissime !,;Printemps;Été;,dejeuner/diner
Salade de pâtes thon/maïs/gouda,https://www.cuisine-etudiant.fr/image/recette/400250/41c0c25c82fbb07a65dbce331788d705430a7b90-salade-de-pates-thon-mais-gouda.jpg,"1- Faire cuire vos pâtes selon le temps indiqué, les égoutter et les laisser refroidir.<br>2- Dans un saladier, verser les grains de maïs égouttés au préalable. <br>3- Écraser le thon avec une fourchette et le rajouter dans le saladier avec le maïs, les dés de gouda et mimolette et les pâtes. <br>4- Saler, poivrer, assaisonner avec l'huile d'olive et le vinaigre balsamique.<br>5- A déguster frais.",20,Facile,;Hiver;Printemps;Été;Automne;Poisson;,dejeuner/diner
Salade de pommes de terre légère.,https://www.cuisine-etudiant.fr/image/recette/400250/f928495f9f90cf0201b5a20ce9986889f66a6928-salade-de-pommes-de-terre-legere.jpg,"1- Pendant 25 minutes, faites cuire vos pommes de terre, rincez-les à l'eau froide épluchez les et coupez les en dés. <br>2- Coupez votre concombre en petits dés ainsi que vos tomates cerises en deux et vos cornichons en petites rondelles. Ajoutez le tout aux pommes de terre.<br>3- Mélangez le tout avec votre yaourt à la grecque (la moitié suffit), le jus d'un demi citron, une demi cuillère à soupe d'huile d'olive, le sel, le poivre et la ciboulette ciselée. <br>Servez bien frais.",25,Facile,;Végétarien;,dejeuner/diner
Salade de riz à la grecque,https://www.cuisine-etudiant.fr/image/recette/400250/8387643f1ee54fd6c4f85344322ca14122207009-salade-de-riz-a-la-grecque.jpg,"1- Faire cuire le riz et le laisser refroidir.<br>2- Pendant que le riz cuit, couper en petits dés le demi concombre ainsi que les tomates cerises en deux.<br>3- Dans un bol préparer la sauce : mettre un yaourt à la grecque et y rajouter le jus d'un demi citron et un filet d'huile d'olive (bien mélanger).<br>4- Ajouter les tomates et le concombre au riz, la sauce à la grecque, la menthe ou persil ciselé au préalable, saler et poivrer.<br>A déguster bien frais !",15,Simplissime !,;Printemps;Été;Automne;Végétarien;,dejeuner/diner
Salade quinoa-radis-chèvre,https://www.cuisine-etudiant.fr/image/recette/400250/d67e895ecf389fe0d8bbfa5a4a4c5c7f7300d5a6-salade-quinoa-radis-chevre.jpg,"1. Dans une casserole, verser 2x en eau le volume du quinoa et ajouter les 60g de quinoa. Porter à ébullition puis porter à feu doux jusqu'à absorption complète de l'eau par les graines (environ 15-20min).<br>2. Laver et couper les tomates et les radis.<br>3. Couper le fromage de chèvre.<br>4. A la fin de la cuisson du quinoa, le passer sous l'eau froide, essorer et l'ajouter aux autres ingrédients. Ajouter les pignons de pin.<br>5. Assaisonner le tout avec le jus de citron, la ciboulette, l'huile d'olive, le sel et le poivre. <br> Bon appétit !",30,Simplissime !,;Printemps;Été;Végétarien;,dejeuner/diner
Spaezle façon flammekueche,https://www.cuisine-etudiant.fr/image/recette/400250/33e76c9e96dc7d884a3512c76f6176d4b0904c57-spaezle-facon-flammekueche.jpg,"Couper les oignons en petits morceaux<br>Cuisson :<br>Dans une poêle faire cuire les spaezle le temps indiqué sur le paquet. <br>Dans l'autre faire revenir les oignons avec un filet d'huile d'olive pendant 6-7 minutes, ajouter les lardons pour 5 minutes supplémentaires. Verser la crème fraîche 2 minutes pour imprégner le goût des lardons.<br>Verser les lardons dans les spaezle, mettre le tout dans un plat, recouvrir de gruyère et placer au micro onde position grill 2-3 minutes",25,Facile,;Hiver;Printemps;Automne;Carnivore;Fromage;,dejeuner/diner
Tacos & frites de patates douces,https://www.cuisine-etudiant.fr/image/recette/400250/8fbe77958db2f5385639f99451ea91bf67f0a6a8-tacos-frites-de-patates-douces.jpg,"Pour le Tacos :<br>Couper en morceaux le steak et le faire cuire, le mettre dans une galette de wraps, ajouter les tranches de cheddar et plier la galette en forme rectangulaire.<br>Pour les frites : <br>Eplucher la patate douce, couper là en deux, puis en frites assez large, les déposer sur une plaque du four avec de l'aluminium, ajouter une petite cuillerée d'huile, et ajouter de l'herbe de provence, du paprika, du poivre (à votre convenance), et un peu de sel, mélanger.<br>Placer ensuite au four pendant environ 30 min à 190°.<br> A la fin, je mets mon four sur ""grill"", et j'ajoute mon tacos avec les frites, pendant 5 min.",15,Facile,;Hiver;Printemps;Été;Automne;,dejeuner/diner
Tacosaucisse,https://www.cuisine-etudiant.fr/image/recette/400250/e83cf1b90ecade8278ea22395a54141e760dab6e-tacosaucisse.jpg,"Prendre une tortilla, l'étaler sur une assiette. Placer une saucisse au centre de la tortilla. Mettre 30 secondes au mirco-onde. Ajoutez-y votre sauce préférée, rouler la tortilla et voilà ! C'est prêt ! Un plat qui ravira les papilles de tous les petits gourmants.<br>Bon appetit",5,Simplissime !,;Hiver;Printemps;Été;Automne;Carnivore;,dejeuner/diner
Tagliatelles de courgettes au saumon (trop facile),https://www.cuisine-etudiant.fr/image/recette/400250/e332dc4eaad92db44e22b6ae127bcfa8ee5631c0-tagliatelles-de-courgettes.jpg,"Éplucher les courgettes<br>Avec un économe faire des tagliatelles de courgettes<br>Les faire revenir avec de l'huile d'olive dans une poêle à feux doux<br>Quand c'est cuit,rajouter un peu d'herbe de Provence, ou du thym<br>Couper le saumon en lamelles<br>Faire cuire le saumon à part avec de la crème fraîche et un peu de coriandre<br>Servir en mettant les courgettes et par dessus le saumon, ajouter un peu de citron sur le saumon (à votre guise)<br>C'est prêt ! Bon appétit :)",24,Facile,;Poisson;,dejeuner/diner
Tartine jambon de pays  mozza et tomate,https://www.cuisine-etudiant.fr/image/recette/400250/1e4919460a68ade4b3d8b6fc067aa25397175f60-tartine-jambon-de-pays-mozza-et-tomate.jpg,"Grillez une tartine épaisse de pain de campagne.<br>Imbibez la tartine d'huile d'olive. <br>Découpez une boule de mozzarella et une tomate.<br>A la poêle, faire fondre les tranches de mozzarella et de tomates, environ 2-3 minutes. <br>Disposez les tranches de tomates légèrement grillées sur la tartine, puis les tranches de mozza fondues.<br>Couvrez le tout d'une tranche de jambon de pays et c'est prêt!<br>Vous pouvez rajouter des herbes, libre à vous!",12,Facile,;Été;Fromage;,dejeuner/diner
Tartines de courgettes  mozza et lardons,https://www.cuisine-etudiant.fr/image/recette/400250/a54c0059114d3b99abd41fe2ce05889bbc271efd-tartines-de-courgettes-mozza-et-lardons.jpg,"Idéal pour finir quelques restes !<br>Pour commencer, faites revenir les rondelles de courgette mais les laisser légèrement croquantes. Faites également revenir les lardons.<br>Pendant que les courgettes sont sur le feu, étalez sur la base du pain un peu de sauce tomate et y déposer la mozzarella.<br>Une fois les courgettes cuites, les déposer sur la mozzarella, avec les lardons.<br>Rajoutez un peu de parmesan ou de fromage râpé et y mettre au four une petite dizaine de minutes.<br>Une fois sorties du four, les tartines peuvent être dégustées avec un peu de salade. Bon appétit !",22,Facile,;Été;Fromage;,dejeuner/diner
Tomates mozzarella pain au four,https://www.cuisine-etudiant.fr/image/recette/400250/1bae7672cb0fcb5346fc1f58e76531c209d8d53f-tomates-mozzarella-pain-au-four.jpg,Allumer le four (~220° chaleur tournante) <br>Couper le pain en tartines<br>Hacher l’ail en tout petit bouts et les déposer sur les tartines<br>Couper la tomate en morceaux dans le bol <br>et mélanger doucement une cuillère à soupe d’huile (je suis pas fan des pépins et du surplus de jus mais les morceaux de tomates peuvent très bien être déposés directement sur le pain et l’huile versé par dessus)<br>Avec une fourchette placer les tomates sur les tartines<br>Couper la mozzarella en lamelles assez plates et les placer au dessus des tomates<br>Saler très légèrement <br>Placer dans le four pendant ~8 min <br>Régalez vous !,15,Simplissime !,;Hiver;Printemps;Été;Automne;Végétarien;Carnivore;Fromage; ,dejeuner/diner
veritable recette de l'hamburger façon brasserie,https://www.cuisine-etudiant.fr/image/recette/400250/2c74f70c726810632e619d9f4508a57d99620727-veritable-recette-de-l-hamburger-facon-brasserie.jpg,"faites revenir les oignons à feu doux puis cuire le steak. Une fois saisis, poser une tranche de cheddar et laisser fondre. Melanger le ketchup et la mayonnaise et badigeonner les deux tranches de pain. Mettre les oignons, déposer le steak hachè, puis ajouter une feuille de salade et une rondelle de tomate. Refermer le burger avec la dernière tranche de pain. accompagnez ce délicieux burger de frites faites maison! bon appétit!",30,Intermédiaire,;Été;Fromage;,dejeuner/diner
Wok de nouilles et légumes,https://www.cuisine-etudiant.fr/image/recette/400250/500c74ff2ea761514a47834b92949f74c4bbe98a-wok-de-nouilles-et-legumes.jpg,"Dans un wok, faites revenir les oignons. Une fois bien dorés, ajouter les poivrons. Laisser cuire une dizaine de minutes à feu doux en remuant bien. Rajouter les champignons, préalablement coupé finement.<br>Dans une casserole séparée, faites cuire les nouilles dans un bouillon de volaille (ou autre selon vos préférences). Une fois cuites, laissez les nouilles refroidir quelques minutes.<br>Rajouter les nouilles dans le wok où se trouvent les légumes et faites revenir le tout ensemble. Il faut faire ""sauter"" les nouilles pour qu'elles soit légèrement croquantes.<br>Servez directement et le tour est joué !",19,Facile,;Végétarien;,dejeuner/diner
Wrap avocat/saumon/crevettes,https://www.cuisine-etudiant.fr/image/recette/400250/267469a848a479574cef9609a448eac9d8ed167a-wrap-avocat-saumon-crevettes.jpg,"Une recette un peu ""au pif"" mais que je voulais quand-même partager tellement c'est bon ! C'est parfait quand on a envie d'un truc frais, et qu'on a pas trop le temps de cuisiner.<br>★Alors moi je commence par mettre dans un bol un petit suisse nature.<br>★Ensuite, la chair de mon avocat, que j'écrase un peu avec ma fourchette. <br>★Ensuite je découpe en petit morceau mon saumon fumé, et bon, là, c'est comme je disais, au pif ! Si vous ne voulez pas beaucoup de saumon, n'en mettez pas trop, si vous adoooorez le saumon, vous pouvez vous lâcher (pensez juste que c'est bien salé le saumon fumé) !<br>★Ensuite je rajoute la moitié de ma boite de crevettes (mais un peu comme avec le saumon, c'est à votre guise...)<br>★Je mélange tout, je sale (pas trop parce qu'avec le saumon c'est déjà salé), je rajoute un peu de ciboulette, et du jus de citron !<br>★Ensuite j'humidifie mes galettes de mais pour qu'elles soient plus manipulables, et puis je met la préparation au milieu de la galette pour que ça soit plus facile à refermer. Je referme en essayant de serrer le tout un max (pas facile), un petit cure-dent pour que ça tienne et hop !<br>Et là c'est comme vous voulez : soit vous mangez ça tout de suite parce que vous n'en pouvez plus tellement ça a l'air bon, soit vous mettez au frigidaire pour environ 30mn/1h pour que ça soit bien frais !",20,Intermédiaire,;Printemps;Été;Fruits de mer;Poisson;,dejeuner/diner
Wrap fait maison,https://www.cuisine-etudiant.fr/image/recette/400250/e1d0bc811c51aded062e5da6dfe9329a5730845d-wrap-fait-maison.jpg,"1) Mettre la farine dans un saladier<br>2) Creuser un puits et y rajouter l'eau et l'huile.<br>3) Mélanger jusqu'à obtenir une boule. Si besoin rajouter de l'eau / de l'huile<br>4) Mettez un peu de farine sur un plan de travail<br>5) Couper votre boule en deux, pour en faire deux wraps. Étaler la boule pour en faire une forme arrondie.<br>6) Mettre un peu d'huile dans la poêle et y déposer le wrap, attendre quelques minutes de chaque côté.<br>Astuce: Ajouter-y ce que vous voulez ! Tomates, thon, steak haché bolo, ... :D",20,Facile,;Printemps;Été;,dejeuner/diner
Wrap frais au jambon,https://www.cuisine-etudiant.fr/image/recette/400250/b90307e246a16ffb9343251712c4814ecd6afcf8-wrap-frais-au-jambon.jpg,"Prenez un wrap et étalez sur toute sa surface du fromage frais. Variez les plaisirs selon vos goûts: nature, aux herbes, au poivre, aux noix, à la provençale etc.<br>Disposez par dessus une tranche de jambon puis de la salade (coupée en petits morceaux, plus faciles à manger). <br>Refermez le wrap:<br>-replier les deux côtés gauche et droit vers le centre du wrap. <br>-prenez ensuite la partie du bas du wrap et faîte la rouler jusqu'en haut. Vous obtenez un wrap roulé comme un nêm, les deux extrémités fermées. <br>-vous pouvez couper votre wrap en rondelles apéritives ou bien le couper en diagonale à la moitié (voir photo) puis le piquer avec un cure-dent pour le maintenir!",6,Simplissime !,;Été;Fromage;,dejeuner/diner
Wrap jambon dinde et avocat,https://www.cuisine-etudiant.fr/image/recette/400250/00e6783802a94e9563e6bc39f1728edc5e2a69ee-wrap-jambon-dinde-et-avocat.jpg,"1. Etalez le fromage frais sur la galette<br>2. Découpez plus ou moins grossièrement un demi avocat<br>3. Découpez vos tomates cerise en tranches<br>4. Déposer au centre de la galette une tranche de jambon de dinde (plié en deux si nécessaire) <br>5. Répartissez l'avocat (écrasez si besoin) et les tomates cerises au centre de la galette (ainsi que la mâche si souhaité)<br>6. Assaisonnez (herbes de provence, huile, sel, poivre, vinaigre)<br>7. Pliez ! Mangez !",10,Simplissime !,;Printemps;Été;,dejeuner/diner
Wrap thon mayonnaise crudités,https://www.cuisine-etudiant.fr/image/recette/400250/f1efe7ba2aa60d45e514736269fd98fd18cd8019-wrap-thon-mayonnaise-crudites.jpg,"1. Videz le liquide des boites de thon et de maïs.<br>2. Coupez la tomate en cube.<br>3. Dans un saladier, mélangez le thon émietté, le mais, la tomate, et la mayonnaise. Salez, poivrez, et mélangez le tout.<br>4. Faites tiédir les galettes 30 secondes au micro-ondes ou quelques minutes au four.<br>5. Déposez sur les galettes quelques feuilles de salade puis la préparation. Pliez trois cotés sur wrap de façon à ne pas faire tomber la préparation.",15,Facile,;Poisson;,dejeuner/diner
