nom,lettre
abadèche,A
Abats,A
abondance,A
abricot,A
abricot au sirop,A
absinthe,A
Achatine,A
acide citrique,A
acide lactique,A
acide tartrique,A
acidifiant,A
acoupa,A
adjwain,A
after eight,A
agar-agar,A
agneau,A
agrume confit,A
aiguillette de canard,A
aiguillette de poulet,A
aiguillettes de dinde,A
ail,A
ail semoule,A
aile de poulet,A
aileron de poulet,A
aillet,A
aïoli,A
airelles,A
Alcool,A
alcool de poire,A
alevin,A
alfafa,A
algue dulse,A
algue japonaise,A
algue séchée,A
alkermes,A
All-Bran®,A
alose,A
alouette,A
amande,A
amandes effilées,A
amarante,A
amaretti,A
amaretto,A
amidon,A
ananas,A
anchoïade,A
anchois,A
andouille,A
andouillette,A
aneth,A
angélique,A
angostura,A
anguille,A
anis,A
anis en poudre,A
anis étoilé,A
anisette,A
anti-pectine,A
Apéricube®,A
apérifruit,A
appenzeller,A
Apremont,A
arachide,A
araignée de mer,A
arbouse,A
armagnac,A
armoise,A
aromate,A
arôme,A
arôme amande amère,A
arôme citron,A
arôme fleur d'oranger,A
arôme maggi,A
arôme vanille,A
arquebuse,A
arrow root,A
artichaut,A
artichaut violet,A
asafoetida,A
aspartame,A
asperge,A
asperge verte,A
aspérule,A
Asti spumante,A
atriau,A
attiéké,A
aubergine,A
autres,A
autruche,A
avocat,A
avoine,A
baba,B
babeurre,B
babybel,B
Bacardi,B
bacon,B
bagel,B
baguette,B
baie d'amélanchier,B
baie de genévrier,B
baie de goji,B
baie de Sichuan,B
baie de sureau,B
baie moulu,B
baie rouge,B
baies d'argousier,B
baies d'églantier,B
baies de myrte,B
baies roses,B
Bailey's,B
bambou,B
banane,B
banane plantain,B
banane plantain,B
Banania,B
banon,B
Banyuls,B
bar,B
barbe-à-papa,B
barbeau,B
barbue,B
barde de lard,B
barre bretonne marbrée,B
barre chocolatée,B
barre chocolatée kinder,B
basilic,B
basilic citron,B
basilic frais,B
bastogne,B
batavia,B
baudroie,B
bavette,B
beaufort,B
beaujolais,B
Beaumes de Venise,B
bécasse,B
béchamel,B
beef steak,B
bélangère,B
Bénédictine,B
bergamote,B
bergerac,B
berkoukes,B
bernique,B
bètcheye,B
bette à carde,B
betterave,B
beurre,B
beurre allégé,B
beurre d'arachide,B
beurre d'escargot,B
beurre de cacahuètes,B
beurre demi-sel,B
beurre doux,B
beurre salé,B
beurre tendre,B
bicarbonate,B
biche,B
bière,B
bière blonde,B
bière brune,B
bifteck haché,B
bigarade,B
bigorneau,B
bille de décoration sucré,B
billes de chocolat,B
billes multicolores,B
bimi (ou broccolini),B
biscotte,B
biscuit,B
biscuit à la cuillère,B
biscuit amaretti,B
biscuit anglais,B
biscuit breton,B
biscuit brioché,B
biscuit cuiller,B
biscuit rose de Reims,B
biscuit sablé,B
biscuit salé,B
biscuit sec,B
biscuit thé de lu,B
bison,B
bitter italien,B
blanc d'oeuf,B
blanc de dinde,B
blanc de poireaux,B
blanc de poulet,B
blanquette de dinde,B
blanquette de veau,B
blé,B
blette,B
bleu,B
bleu d'Auvergne,B
bleu de Bresse,B
bleu de gex,B
bleu des causses,B
Blini,B
bocconcini,B
boeuf,B
boeuf haché,B
bois d'Inde,B
bois-bandé,B
boisson aux amandes,B
boisson pétillante au cola,B
bok choy,B
bolet,B
bonbon,B
bonbon arlequin,B
bonbon au chocolat,B
bonbons à la violette,B
bonite,B
bonnet,B
bordeaux,B
bouchée à la reine,B
bouchée feuilletée,B
boudin antillais,B
boudin blanc,B
boudin noir,B
boudoir,B
bouillon,B
bouillon de boeuf,B
bouillon de légumes,B
bouillon de poule,B
bouillon de veau,B
bouillon de volaille,B
boulette de boeuf,B
boulettes de viande,B
boulgour,B
bounty,B
bouquet garni,B
bourbon,B
bourgeois,B
bourgogne,B
bourguignon,B
bourrache,B
boursault,B
boursin,B
boyau,B
boyau pour saucisse,B
brandade,B
brandy,B
brède chouchou,B
brède Mafane,B
bresaola,B
Bresse Bleu,B
brick,B
brie de meaux,B
brillat-savarin,B
brioche,B
briochette,B
brique,B
brisures de marrons glacés,B
brocciu,B
brochet,B
brocoli,B
brousse,B
broute,B
brownie,B
brugnon,B
brunost,B
bucatini,B
bûche,B
bûche de chèvre,B
bulot,B
butternut,B
Cabécou,C
cabillaud,C
cacahuète,C
cacahuète grillée,C
cacao,C
cacao amer,C
cachaça,C
cachou,C
caciocavallo,C
cactus,C
café,C
café en poudre,C
café instantané lyophilisé,C
café soluble,C
caille,C
caillé de brebis,C
calamar,C
calisson,C
caloupilé,C
calvados,C
Cambozola,C
camembert,C
Campari,C
canard,C
canard confit,C
cancoillotte,C
canette,C
canneberge,C
cannelle,C
canneloni,C
Cantadou à l'ail et fines herbes,C
cantal,C
Cap Corse,C
capellini,C
cappuccino,C
câpres,C
câpres au vinaigre,C
capucine,C
carambar©,C
carambole,C
caramel,C
caramel au beurre salé,C
carbonate de calcium,C
cardamome,C
carde,C
cardon,C
carensac®,C
carmine,C
carotte,C
carpaccio,C
carpe,C
carré d'agneau,C
carré de veau,C
carré frais,C
carré gervais,C
carrelet,C
carvi,C
casarecce,C
cassis,C
cassonade,C
cassoulet,C
cava,C
caviar,C
caviar d'aubergine,C
cébettes,C
cédrat,C
cédrat confit,C
céleri,C
céleri branche,C
céleri-rave,C
cenovis,C
cèpes,C
céréale,C
cerf,C
cerfeuil,C
cerise,C
cerise de terre,C
cerneau de noix,C
cervelas,C
cervelle,C
chabichou,C
Chablis,C
chair à saucisse,C
Chair d'alligator,C
chair persillée,C
chamallow,C
champagne,C
champignon,C
champignon de Paris,C
champignon frais,C
champignon noir,C
chanterelle,C
chaource,C
chapelure,C
chapon,C
charbon actif,C
charcuterie,C
charolais,C
Chartreuse jaune,C
Chartreuse verte,C
châtaigne,C
châtaigne d'eau,C
chatrou,C
chaume,C
chavroux,C
chayote,C
cheddar,C
chêne,C
chermoula,C
chester,C
cheval,C
cheveux d'ange,C
chèvre,C
chèvre frais,C
chevreau,C
chevreuil,C
chevrotin,C
chicorée,C
chili,C
chimère,C
chipiron,C
chipolata,C
chips,C
chips tortilla,C
chips tortilla salée,C
chocolat,C
chocolat à tartiner,C
chocolat amer,C
chocolat au caramel,C
chocolat au lait,C
chocolat au riz soufflé,C
chocolat aux noisettes,C
chocolat blanc,C
chocolat de couverture,C
chocolat en poudre,C
chocolat noir,C
chocolat pâtissier,C
chocolat végétal,C
chorizo,C
chou,C
chou blanc,C
chou chinois,C
chou de bruxelles,C
chou romanesco,C
chou rouge,C
chou vert,C
chou-fleur,C
chouchen,C
chouchou,C
choucroute,C
chouquette,C
christophine,C
chutney,C
chutney au gingembre,C
chutney mangue,C
chutney papaye,C
ciabatta,C
ciboule,C
ciboulette,C
cidre,C
cigale de mer,C
cigarette croustillante,C
cigarette russe,C
cinq parfums,C
cinq-épices,C
Cinzano,C
citron,C
citron confit,C
citron vert,C
citronat,C
citronnelle,C
citrouille,C
cive,C
Clairette de Die,C
clams,C
clémentine,C
clou de girofle,C
clovisse,C
cobia,C
cochon,C
coco de paimpol,C
coco en poudre,C
coco plat,C
coeur,C
coeur cochonnet,C
coeur d'agneau,C
coeur d'artichaut,C
coeur de boeuf,C
coeur de cabillaud,C
coeur de canard,C
coeur de céleri,C
coeur de mouton,C
coeur de palmier,C
coeur de porc,C
coeur de poulet,C
coeur de saumon,C
coeur de veau,C
coeur de volaille,C
coeur en sucre,C
cognac,C
Cognac Fine Champagne,C
coing,C
cointreau,C
cola,C
coleslaw,C
colin,C
collet fumé,C
collier d'agneau,C
collier de boeuf,C
colorant,C
colorant alimentaire,C
combava,C
compote,C
comté,C
concentré de coco,C
concentré de tomates,C
concentré pour soupe chinoise,C
conchiglione,C
concombre,C
Condiments,C
confisuc,C
confit d'oignon,C
confit de canard,C
confit de courgettes,C
confiture,C
confiture d'abricot,C
confiture de cerise,C
confiture de fraises,C
confiture de fruits rouges,C
confiture de groseille,C
confiture de lait,C
confiture de mangue,C
confiture de myrtilles,C
confiture de poire,C
congre,C
consommé de gibier,C
contre-filet,C
cookie,C
cookie chocolat,C
copeaux de chocolat,C
copeaux de chocolat blanc,C
coppa,C
coq,C
coque,C
coquelet,C
coquelicot,C
coquille saint-jacques,C
coquillettes,C
coriandre,C
coriandre en grains,C
corn flakes,C
corned beef,C
cornet,C
cornet de glace,C
cornette,C
cornichon,C
cornichon au vinaigre,C
corossol,C
côte d'agneau,C
côte de boeuf,C
côte de porc,C
côte de veau,C
côtelette d'agneau,C
côtelette de veau,C
cottage cheese,C
couche,C
coude,C
couenne,C
couenne de panne,C
coulemelle,C
coulis,C
coulis d'abricot,C
coulis de fruits de la passion,C
coulis de fruits rouges,C
coulis de tomate,C
coulommier,C
courge,C
courge musquée,C
courge spaghetti,C
courgette,C
court bouillon de volaille,C
court-bouillon,C
couscous,C
couscous en sachets cuisson,C
couteau,C
crabe,C
cracker,C
cranberrie,C
cream cheese,C
crema mandorla,C
crémant,C
crème,C
crème allégée,C
crème anglaise,C
crème balsamique,C
crème chantilly,C
crème d'anchois,C
crème de coco,C
crème de marron,C
crème de mûre,C
crème de soja,C
crème dessert à la vanille,C
crème dessert au chocolat,C
crème épaisse,C
crème fleurette,C
crème fouettée,C
crème fraîche,C
crème fraîche allégée,C
crème fraîche épaisse,C
crème fraîche liquide,C
crème liquide,C
crème pâtissière,C
crème semi-épaisse,C
crêpe,C
crêpe dentelle,C
crépidule,C
crépine,C
crépinette,C
cresson,C
cressonnette,C
crevette,C
crevette bouquet,C
crevette grise,C
crevette rose,C
crevette tigrée,C
croissant,C
croquant de Cordes,C
crosne de fougère,C
crottin de Chavignol,C
crottin de chèvre,C
croûton à l'ail et aux fines herbes à l'ancienne,C
croûtons,C
crozet,C
crunch,C
cuajada,C
cube de bouillon,C
cube Maggi,C
cube pot au feu,C
cuberdon,C
cuisse de canard,C
cuisse de dinde,C
cuisse de grenouille,C
cuisse de lapin,C
cuisse de poulet,C
cumin,C
cumin en poudre,C
curaçao,C
curcuma,C
curé nantais,C
curry,C
cynorhodon,C
daim,D
dakatine,D
danette,D
dashi,D
datte,D
Daucus de Crête,D
daurade,D
décor en sucre,D
dés de jambon,D
dinde,D
dindonneau,D
diot,D
Divers,D
djansan,D
dorade,D
doré,D
doubanjiang,D
double concentré de tomates,D
dragée,D
dragibus®,D
eau,E
eau,E
eau de fleur d'oranger,E
eau gazeuse,E
échalote,E
échine de porc,E
écorce d'orange,E
écorces d'oranges confites,E
écrevisse,E
edam,E
édulcorant,E
églantine,E
elbot fumé,E
emmental,E
empereur,E
encornet,E
endive,E
entrecôte,E
épaississant pour dessert,E
épaule,E
épaule d'agneau,E
épaule de biche,E
épaule de veau,E
épeautre,E
éperlan,E
épice Rabelais,E
épices,E
épices à colombo,E
épices à couscous,E
épices à paella,E
épices à pain d'épices,E
épices à vin chaud,E
épices à volaille,E
épices cajun,E
épices espagnoles,E
Épices et arômates,E
épices indiennes,E
épices marocaines,E
épices pour pizza,E
épices pour poisson,E
épices pour tajine,E
épices tandoori,E
épinard,E
épinards frais,E
épine vinette,E
époisses,E
érable,E
escalope,E
escalope de dinde,E
escalope de porc,E
escalope de poulet,E
escalope de veau,E
escargot,E
espadon,E
essence d'amande amère,E
estomac,E
estragon,E
esturgeon,E
étoile de badiane,E
etorki,E
étrille,E
Expresso,E
extrait d'amande,E
extrait d'amande amère,E
extrait de café,E
extrait de coco,E
extrait de vanille,E
extrait de vanille liquide,E
faisan,F
faisselle,F
fajitas,F
Fanta,F
farce,F
farfalle,F
farine,F
farine complète,F
farine de blé,F
farine de blé noir,F
farine de châtaigne,F
farine de maïs,F
farine de riz,F
farine de sarrasin,F
farine de seigle complète,F
farine de tapioca,F
farine fermentante,F
farine sans gluten,F
faux-filet,F
fécule,F
fécule de maïs,F
fécule de pomme de terre,F
fenouil,F
fenugreek,F
ferment lactique,F
feta,F
feta marinée,F
fettucine,F
feuille de bananier,F
feuille de brick,F
feuille de cari,F
feuille de cerisier,F
feuille de citronnier,F
feuille de combava,F
feuille de curry,F
feuille de figuier,F
feuille de guigne,F
feuille de jasmin,F
feuille de laurier,F
feuille de nori,F
feuille de riz,F
feuille de salam,F
feuille de shiso,F
feuille de Tito,F
feuille de vigne,F
feuille de won-ton,F
feuilles de cassis,F
feuilles de citronnelle,F
feuilles de coriandre,F
feuilles de guascas,F
feuilles de marjolaine,F
feuilles de noyer,F
feuilles de pêcher,F
feuillet,F
feuilleté,F
feuillets à raviolis,F
fève,F
févette,F
ficelle,F
figatelli,F
Figolus,F
figue,F
figue de barbarie,F
filet d'agneau,F
filet de boeuf,F
filet de porc,F
filet de poulet,F
filet de veau,F
filet mignon,F
filo,F
Fines herbes,F
fixe chantilly,F
flageolet,F
flanchet,F
flétan,F
fleur d'acacia,F
fleur d'hibiscus,F
fleur d'oranger,F
fleur de camomille,F
fleur de jasmin,F
fleur de sel,F
fleur de sureau,F
fleuron feuilleté,F
Fleurs,F
fleurs de lilas,F
flocon de purée,F
flocons d'avoine,F
floraline,F
florentin,F
fluff,F
flûte,F
foie,F
foie de veau,F
Foie gras,F
fond,F
fond d'artichaut,F
fond de rôti,F
fond de veau,F
fond de volaille,F
fondant,F
fonio,F
fourme d'ambert,F
fourme de montbrison,F
fraise des bois,F
fraise gariguette,F
fraises,F
fraises tagada®,F
framboises,F
frangipane,F
frisée,F
frite,F
fromage,F
fromage à raclette,F
fromage ail et fines herbes,F
fromage blanc,F
fromage blanc sucré,F
fromage Caprice des Dieux,F
fromage de chèvre,F
fromage frais,F
fromage râpé,F
fructose,F
fruit à pain,F
fruit confit,F
fruit de la passion,F
fruit de mer,F
fruit exotique,F
fruits,F
fruits rouges,F
fruits secs,F
"fruits secs, à coque, oleagineux",F
fumet,F
fumet de crustacé,F
fusilli,F
galanga,G
galette,G
galette de blé,G
galette de riz,G
galettes (bretonnes),G
gambas,G
ganache au chocolat,G
gaperon,G
garam massala,G
gari,G
gâteaux,G
gaufre,G
gaufrette,G
gavotte,G
gélatine,G
gélatine en feuilles,G
gélatine en poudre,G
gelée,G
gelée anglaise à la fraise,G
gelée au madère,G
gelée au vin blanc,G
gelée d'abricot,G
gelsuc,G
Gendarme,G
génépi,G
genièvre,G
génoise,G
germe de luzerne,G
germes de soja,G
Gervita,G
gésier de volaille,G
gésiers,G
get 27,G
gewurztraminer,G
ghee,G
gianduja,G
gigérine,G
gigot d'agneau,G
gin,G
gingembre,G
gingembre confit,G
Ginger Ale,G
gini,G
giraumon,G
girelle,G
girofle,G
girolle,G
giromon,G
gîte,G
glaçage,G
glace,G
glace à la noix de coco,G
glace à la passion,G
glace à la poire,G
glace au chocolat,G
glace au nougat,G
glace au rhum,G
glace au spéculoos,G
glace aux noix de pécan,G
glace caramel au beurre salé,G
glace coco,G
glace fraise,G
glace framboise,G
glace pilée,G
glace stracciatella,G
glace vanille,G
glaçons,G
glucose,G
glucose liquide,G
glutamate,G
glycérine alimentaire,G
gnocchi,G
gofio,G
golden syrup,G
golmotte,G
gomasio,G
gombo,G
gomme arabique,G
gomme de guar,G
gomme de xanthane,G
gorgonzola,G
gouda,G
goyave,G
goyavier,G
grain de palme,G
graine de fenouil,G
graine germée,G
graines d'anis,G
graines d'anis vert,G
graines de chia,G
graines de coriandre,G
graines de courge,G
graines de cumin,G
graines de lin,G
graines de lupin,G
graines de nigelle,G
graines de sésame,G
graines de sésame noir,G
graines de tournesol,G
grains de genévrier,G
graisse à friteuse,G
graisse d'oie,G
graisse de boeuf,G
graisse de canard,G
graisse de coco,G
graisse de coprah,G
graisse de palme,G
graisse végétale,G
grana padano,G
grand-marnier,G
granny smith,G
granola,G
granulés multicolores,G
grappa,G
gras double,G
grenade,G
grenadier,G
grenadin de veau,G
grenadine,G
grenaille,G
gressin,G
greubon,G
griotte,G
grive,G
grondin,G
gros sel,G
groseille,G
groseille à maquereaux,G
gruau,G
gruyère,G
gruyère râpé,G
guacamole,G
guigne,G
guignolet,G
guimauve,G
Guinness,G
haddock,H
hampe,H
hareng,H
haricot,H
haricot azuki,H
haricot beurre,H
haricot blanc,H
haricot coco,H
haricot de soissons,H
haricot lingot,H
haricot mange-tout,H
haricot mungo,H
haricot pinto,H
haricot plat,H
haricot tarbais,H
haricot vert,H
haricots noirs,H
haricots rouges,H
haricots secs,H
harissa,H
herbes,H
herbes aromatiques,H
herbes de Provence,H
homard,H
hostie,H
houmous,H
huile,H
huile d'arachide,H
huile d'argan,H
huile d'olive,H
huile de coco,H
huile de colza,H
huile de friture,H
huile de noisette,H
huile de noix,H
huile de palme,H
huile de pépin de raisin,H
huile de sésame,H
huile de tournesol,H
huile de truffe,H
huile essentielle de citron,H
huile parfumée au basilic,H
huître,H
hydromel,H
hypocras,H
igname,I
irish mist,I
jalapeno,J
jambon,J
jambon blanc,J
jambon cru,J
jambon de parme,J
jambon de vendée,J
jambon de virginie,J
jambon fumé,J
jambon ibérique,J
jambon persillé,J
jambon sec,J
jambonneau,J
jarret de boeuf,J
jarret de porc,J
jarret de veau,J
jaune d'oeuf,J
jésus,J
jeunes pousses,J
joue,J
joue de lotte,J
joue de porc,J
julienne,J
julienne de légumes,J
jumbo,J
jus d'abricot,J
jus d'agrumes,J
jus d'ananas,J
jus d'orange,J
jus de banane,J
jus de citron,J
jus de cranberries,J
jus de cuisson,J
jus de fraise,J
jus de framboise,J
jus de fruit de la passion,J
jus de fruit multivitaminé,J
jus de fruits rouges,J
jus de mirabelle,J
jus de pomme,J
jus de rôti,J
jus de veau,J
jus exotique,J
kaki,K
kale,K
kangourou,K
kari gosse,K
kasha,K
kefalotiri,K
kéfir,K
ketchup,K
kinder bueno,K
Kinder surprise,K
kiri,K
kirsch,K
kiwi,K
knack,K
knacki,K
knacki ball,K
kombu,K
Kororima,K
krisprolls,K
kub or,K
kumquat,K
lactaire délicieux,L
lait,L
lait concentré,L
lait concentré non sucré,L
lait concentré sucré,L
lait de chèvre,L
lait de coco,L
lait de soja,L
lait demi-écrémé,L
lait demi-écrémé concentré,L
lait écrémé,L
lait en poudre,L
lait en poudre demi-écrémé,L
lait en poudre écrémé,L
lait en poudre entier,L
lait entier,L
lait entier concentré,L
lait fermenté,L
lait maternisé,L
laitue,L
Lambig,L
lambis,L
lamproie,L
langouste,L
langoustine,L
langres,L
langue,L
langue de chat,L
langue de mouton,L
langue de veau,L
lapin,L
lapin entier,L
lard,L
lard fumé,L
lardons,L
lardons fumés,L
lasagnes,L
laurier,L
lavande,L
Leerdammer,L
leffe,L
légume,L
lemon curd,L
lemon-grass,L
lentilles,L
lentilles corail,L
lentilles verte,L
lentin,L
levain,L
levure,L
levure chimique,L
levure de bière,L
levure de boulanger,L
levure de boulanger fraîche,L
levure de boulanger sèche,L
liant,L
liant instantané,L
lieu jaune,L
lieu noir,L
lièvre,L
Lillet blanc,L
limande,L
lime,L
limonade,L
limoncello,L
lingue,L
linguine,L
liqueur,L
liqueur d'amande,L
liqueur d'anis,L
liqueur d'orange,L
liqueur de litchi,L
liqueur de menthe,L
liqueur de pomme,L
liseron d'eau,L
litchi,L
litchi au sirop,L
livarot,L
livèche,L
longanisse,L
lotte,L
lotus,L
lou pérac,L
loup,L
loup de mer,L
lupini,L
M&M's cacahuète,M
maasdam,M
macaron,M
macaroni,M
macédoine,M
mâche,M
Macis,M
macreuse,M
madeleine,M
madère,M
Magret de canard,M
Magret de canard fumé,M
magret de canard séché,M
magret fumé,M
magret séché,M
mahi mahi,M
maïs,M
maïzena,M
malibu,M
malibu coco,M
manchego,M
mandarine,M
mangoustan,M
mangue,M
maniguette,M
manioc,M
manouri,M
manzana,M
maquereau,M
marasquin,M
marc,M
marcassin,M
margarine,M
Marie brizard,M
marjolaine,M
marlin,M
marmelade d'abricot,M
marmelade d'orange,M
maroilles,M
MaronSui's,M
marrons,M
Mars,M
marsala,M
Martini,M
martini blanc,M
Martini Rosso,M
mascarpone,M
massala,M
massalé,M
massepain,M
mastelle,M
matière grasse,M
maton,M
Maury,M
mayonnaise,M
mayonnaise au citron,M
mélange 4 épices,M
mélange 4 parfums,M
mélange 5 baies,M
mélange 5 épices,M
mélange 5 parfums,M
mélange d'épices 5 parfums,M
mélange d'épices indiennes,M
mélange d'épices massala,M
mélange d'épices mexicaines,M
mélange d'épices orientales,M
mélange d'épices pour chili,M
mélange d'herbes pour poisson,M
mélange poivre 5 baies,M
mélasse,M
melfor,M
mélisse,M
Melloukhia,M
melon,M
melon d'eau,M
melonade,M
menthe,M
merguez,M
meringue,M
merlan,M
merlu,M
merluchon,M
mérou,M
mesclun,M
metton,M
michoko,M
mie de pain,M
miel,M
miel au romarin,M
miel d'acacia,M
miel liquide,M
miette de crabe,M
mignonette de veau,M
mikado,M
millet,M
mimolette,M
mincemeat,M
mini mais,M
mini roulé,M
mirabelle,M
mirin,M
miso,M
mizithra,M
mizuna,M
mloukhia,M
moelle,M
moelle de boeuf,M
mogette,M
Molokheya,M
Monbazillac,M
mont d'or,M
montepulciano,M
monterey jack,M
morbier,M
morille,M
mortadelle,M
morue,M
moscatel,M
moules,M
mouloukhia,M
mousse au chocolat,M
mousse de foie,M
mousseron,M
mousseux,M
moutarde,M
moutarde à l'ancienne,M
moutarde à l'estragon,M
moutarde au poivre vert,M
moutarde de dijon,M
moutarde de meaux,M
mouton,M
mouzillon,M
mozzarella,M
mozzarella di buffala,M
muesli,M
muffin,M
muffin complet,M
mulet,M
munster,M
mûre,M
murène,M
musc,M
muscade,M
muscade rapée,M
muscadet,M
muscat,M
muscovado,M
museau,M
myrtilles,M
nappage,N
nappage chocolat,N
nashi,N
navarin d'agneau,N
navarin de veau,N
naveline (choucroute de navets),N
navet,N
navette,N
nectarine,N
nèfle,N
nem,N
nesquik,N
Neuchâtel,N
Neufchâtel,N
niébé,N
noilly prat,N
noisette,N
noisette d'agneau,N
noisette de veau,N
noix,N
noix de cajou,N
noix de coco,N
noix de coco rapée,N
noix de grenoble,N
noix de macadamia,N
noix de pécan,N
noix de pétoncle,N
noix de saint-jacques,N
noix de veau,N
noix vertes,N
nopal,N
nori,N
nougat,N
nougatine,N
nouilles,N
nouilles aux oeufs,N
nouilles chinoises,N
nouilles de riz,N
nouilles soba,N
nouilles udon,N
nugget,N
nuoc mam,N
nutella,N
oeillet,O
oeuf,O
oeuf d'oie,O
oeuf de caille,O
oeuf de lump,O
oeuf de truite,O
oeufs à la liqueur,O
oeufs de saumon,O
oeufs en chocolat,O
oie,O
oignon,O
oignon au vinaigre,O
oignon blanc,O
oignon frit séché,O
oignon grelot,O
oignon jaune,O
oignon nouveau,O
oignon rose,O
oignon rouge,O
oiseau sans tête,O
oka,O
olive verte,O
olives,O
olives noires,O
omble chevalier,O
onglet,O
onglet de veau,O
orange,O
orange amère,O
orangeade,O
orangeat,O
orangette,O
orangina,O
orecchiette,O
oreilles,O
Oréo,O
orge,O
origan,O
ormeau,O
oronge,O
orphie,O
ortie,O
os à moelle,O
oseille,O
ossau iraty,O
ouassou,O
oursin,O
ourson en guimauve,O
ouzo,O
pageot,P
Paille d'Or,P
pain,P
pain au chocolat,P
pain au figue,P
pain au lait,P
pain aux céréales,P
pain aux olives,P
pain brioché,P
pain bruschelle,P
pain complet,P
pain d'épices,P
pain de campagne,P
pain de mie,P
pain de seigle,P
pain indien naan,P
pain pita,P
pain polka,P
pain pour hamburger,P
pain viennois,P
pak choi,P
paleron,P
palet moelleux,P
palets bretons,P
palets coco,P
palette,P
palombe,P
palourde,P
pamplemousse,P
panais,P
pancake,P
pancetta,P
pandan,P
Pandoro,P
panettone,P
panga,P
pangasius,P
panne,P
panse,P
panse de brebis,P
pansette,P
panure,P
papaye,P
papier azyme,P
papier sulfurisé,P
pappardelles,P
paprika,P
pariétaire,P
parmesan,P
parmesan râpé,P
parpardelle,P
passata,P
passe-pierre,P
Passetougrain,P
passoa,P
pastèque,P
pastis,P
pastrami,P
patate douce,P
pâte,P
pâte,P
pâte à beignet,P
pâte à brioche,P
pâte à crêpe,P
pâte à lasagne,P
pâte à pain,P
pâte à pizza,P
pâte à ravioli,P
pâte à sucre,P
pâte à tartiner,P
pâte brisée,P
pâte d'amande,P
pâte d'arachide,P
pâté de campagne,P
pâte de crevette,P
pâte de curry,P
pâté de foie,P
pâte de fruit,P
pâte de pavot,P
pâte de pistache,P
pâte de semoule de blé,P
pâte de spéculoos,P
pâte feuilletée,P
pâte filo,P
pâte grecque,P
pâte sablée,P
pâte torsade semi-complète,P
pâtes,P
pâtes à l'encre de seiche,P
pâtes au quinoa,P
pâtes fraîches,P
pâtes tricolores,P
patidou,P
pâtisson,P
patrelle,P
paupiette,P
paupiette de veau,P
pavot,P
pêche,P
pêche au sirop,P
pecorino,P
pecorino pepato,P
pecorino romano,P
pectine,P
peepermint,P
pélardon,P
penne,P
pensée,P
pèpè,P
pepino,P
pépite caramélisée,P
pépite de nougatine,P
pépite en chocolat,P
pepperoni,P
perche,P
perche du nil,P
perdreau,P
perdrix,P
perles argentées,P
perles du Japon,P
perles multicolores,P
perrier,P
persil,P
persillade,P
pesto,P
pesto rosso,P
pétale de fleur,P
petit beurre,P
Petit brun,P
petit lu,P
petit os de veau,P
petit pain individuel,P
petit pain suédois,P
petit piment,P
petit pois,P
petit salé,P
petit suisse,P
Philadelphia,P
Philadephia,P
physalis,P
piballe,P
piccalilli,P
pickle,P
picodon,P
picon,P
pied de cochon,P
pied de mouton,P
pied de veau,P
pied-de-mouton,P
pieds,P
pigeon,P
pigeonneau,P
pignons,P
pil-pil,P
Pili Pili,P
pilon de poulet,P
piment,P
piment chipotle,P
piment d'Espelette,P
piment de Cayenne,P
piment fort,P
piment fort d'Espelette,P
piment vert,P
pimiento del piquillo,P
pimprenelle,P
Pineau blanc des Charentes,P
pineau des charentes,P
pinot blanc,P
pinot noir,P
pintade,P
pintadeau,P
Pipe Rigate,P
piperade,P
piquillo,P
Pisang,P
Pisco,P
pissenlit,P
pistache,P
pistou,P
pitaya,P
Planta Fin Culinesse,P
plat de côte,P
pleurote,P
plie,P
plum sauce,P
pointe d'asperge,P
pointe d'asperge verte,P
poire,P
Poiré,P
poireau,P
pois,P
pois cassés,P
pois chiches,P
pois écossés,P
pois gourmand,P
pois mange-tout,P
poisson,P
poitrine d'agneau,P
poitrine de porc,P
poitrine de veau,P
poitrine fumée,P
poivre,P
poivre 5 baies,P
poivre au citron,P
poivre blanc,P
poivre cubèbe,P
poivre de Cayenne,P
poivre de sichuan,P
poivre en grains,P
poivre long,P
poivre vert,P
poivron,P
poivron jaune,P
poivron rouge,P
poivron vert,P
polenta,P
pomélo,P
pomelo chinois,P
pomme,P
pomme de terre,P
pomme de terre rouge,P
pommeau,P
pommette,P
pont l'évêque,P
pop corn,P
porc,P
porcelet,P
port-salut,P
porto,P
pot-au-feu,P
potatoe,P
potimarron,P
potiron,P
poudre à chili,P
poudre à colombo,P
poudre à flan,P
poudre à lever,P
poudre d'acaï,P
poudre d'amande,P
poudre de coco,P
poudre de colombo,P
poudre de noisette,P
poudre de piment de cayenne,P
poudre de pudding,P
poudre de pudding goût chantilly,P
poularde,P
poule,P
poulet,P
poulet entier,P
poulpe,P
poumon,P
pourpier,P
pousse de bambou,P
pousse de lotus,P
Pousse-Rapière,P
pousses d'épinards,P
pousses de soja,P
poussin,P
poutargue,P
praire,P
pralin,P
praline,P
praliné,P
praline rouge,P
pralines roses,P
pralinoise,P
préparation pour flan nature,P
présure,P
prosecco,P
protéine de soja,P
provolone,P
prune,P
pruneau,P
prunelle,P
pulpe de tomate,P
punch coco,P
purée,P
purée d'aubergine,P
purée d'épinard,P
purée d'oignon,P
purée de carotte,P
purée de fruit de la passion,P
purée de marron,P
purée de piment,P
purée de tomate,P
purée de tomate en bouteille,P
quatre-épices,Q
quatre-quart,Q
quatre-quarts,Q
quenelle,Q
quenelle de veau,Q
quetsche,Q
queue,Q
queue d'écrevisse,Q
queue de langouste,Q
quinoa,Q
quinquina,Q
quorn,Q
râble de lapin,R
râble de lièvre,R
racine de gentiane,R
raclette,R
radis,R
Raffaelo,R
ragondin,R
raie,R
raifort,R
raisin,R
raisin blanc,R
raisin muscat,R
raisin noir,R
raisiné,R
raisins secs,R
rameau de fleur d'acacia,R
ramen,R
rapadura,R
Ras el Hanout,R
rascalat,R
rascasse,R
Ratafia,R
ratatouille,R
rate,R
ratte,R
rave,R
raviole,R
raviole de Royans,R
ravioli,R
reblochon,R
réglisse,R
reine-claude,R
relish,R
renne,R
requin,R
rhubarbe,R
rhum,R
rhum ambré,R
rhum blanc,R
rhum vieux,R
rice crispies,R
ricoré,R
ricotta,R
riesling,R
rigatoni,R
rillettes,R
rillons,R
ris de veau,R
risotto,R
riz,R
riz basmati,R
riz blanc,R
riz gluant,R
riz long,R
riz pour risotto,R
riz rond,R
riz sauvage,R
riz surinam,R
riz thaï,R
rocamadour,R
rognon de veau,R
rognons,R
romaine,R
romarin,R
roquefort,R
roquette,R
Rosbif,R
rose,R
rosette,R
rösti,R
rôti de biche,R
roti de boeuf,R
rôti de dindonneau,R
rôti de porc,R
rôti de porc,R
rôti de veau,R
roucaou,R
roudor,R
rouget,R
rouille,R
rouy,R
rue,R
rumsteak,R
rumsteck,R
rutabaga,R
sablés,S
sabodet,S
sabre,S
safran,S
saindoux,S
Saint Agur,S
Saint Morêt,S
saint-felicien,S
saint-florentin,S
saint-marcellin,S
saint-nectaire,S
saint-paulin,S
saint-pierre,S
sainte-maure de Touraine,S
Saka-Saka,S
saké,S
salade,S
salade frisée,S
salade mélangée,S
salami,S
salers,S
salicorne,S
salpêtre,S
salsifis,S
Sambal Oelek,S
sancerre,S
sandre,S
sang,S
sanglier,S
sangria,S
sanguin,S
sar,S
sardine,S
sarrasin,S
sarriette,S
satay,S
saté,S
sauce à l'oseille,S
sauce à tacos,S
sauce aigre douce,S
sauce américaine,S
sauce anglaise,S
sauce armoricaine,S
sauce Arrabiata,S
sauce asiatique,S
sauce au gingembre,S
sauce au poivre,S
sauce barbecue,S
sauce béarnaise,S
Sauce blanche,S
sauce bolognaise,S
sauce bourguignonne,S
sauce brune,S
sauce burger,S
sauce caramel,S
sauce chocolat,S
sauce cocktail,S
sauce crudité,S
sauce d'huître,S
sauce de rôti,S
sauce demi-glace,S
sauce forestière,S
sauce hamburger,S
sauce hannibal,S
sauce harissa,S
sauce hoisin,S
sauce hollandaise,S
sauce HP,S
sauce huître,S
sauce italienne,S
sauce ketchup,S
sauce maggi,S
sauce napolitaine,S
sauce nuoc mam,S
sauce pimentée,S
sauce piquante,S
sauce pistou,S
sauce pizza,S
sauce pour nem,S
sauce pour wok au curry doux,S
sauce provençale,S
sauce salsa,S
sauce satay,S
sauce sichuan,S
sauce soja,S
sauce Sriracha,S
sauce sukiyaki,S
sauce sweet chili,S
sauce tamari,S
sauce tartare,S
sauce Tempura,S
sauce teriyaki,S
sauce thaï,S
sauce tomate,S
sauce Worcester,S
sauce worcestershire,S
sauce Yakitori,S
sauceline,S
saucisse,S
saucisse cocktail,S
saucisse de Francfort,S
saucisse de Montbéliard,S
saucisse de morteau,S
saucisse de Strasboug,S
saucisse de Toulouse,S
saucisse sèche,S
saucisson,S
saucisson à l'ail,S
saucisson sec,S
sauge,S
saumon,S
saumon au naturel,S
saumon frais,S
saumon fumé,S
saumonette,S
saurel,S
sauté de porc,S
sauté de veau,S
sauterelle,S
Sauternes,S
savora,S
sbrinz,S
scampi,S
scarole,S
schnaps,S
Schweppes,S
scorsonère,S
sébaste,S
seiche,S
seigle,S
seitan,S
sel,S
sel au piment d'Espelette,S
sel aux épices,S
sel aux herbes,S
sel de céleri,S
sel et poivre,S
selle d'agneau,S
semoule,S
semoule fine,S
semoule moyenne,S
séré,S
serpent,S
serpolet,S
serran,S
sésame,S
Seven Up,S
sévereau,S
sherry,S
shichimi togarashi,S
shii také,S
siave,S
silure,S
sirop,S
sirop à l'aspérule,S
sirop aux fruits exotiques,S
sirop d'agave,S
sirop d'ananas,S
sirop d'érable,S
sirop d'orange,S
sirop d'orgeat,S
sirop de canne,S
sirop de curaçao,S
sirop de fraise,S
sirop de génépi,S
sirop de Liège,S
sirop de menthe,S
sirop de violette,S
Smarties,S
Smarties® Mini,S
smoothie,S
snickers,S
soda,S
soho,S
soja,S
soju,S
sole,S
sole portion,S
son de blé,S
sorbet ananas,S
sorbet au citron vert,S
sorbet citron,S
sorbet citron vert,S
sorbet coco,S
sorbet fraise,S
sorbet melon,S
sorbet mirabelle,S
sorbet pomme verte,S
sot-l'y-laisse,S
soubressade,S
soupe oxtail,S
souris d'agneau,S
souris de boeuf,S
spaghetti,S
spaghettini,S
spätzle,S
speck,S
spéculoos,S
spigol,S
spiruline,S
sprat,S
steak,S
steak de soja,S
stévia,S
stilton,S
stollen,S
stylo pâtissier,S
sucre,S
sucre candi,S
sucre de canne,S
sucre de coco,S
sucre en grain,S
sucre en morceaux,S
sucre en poudre,S
sucre fin,S
sucre glace,S
sucre roux,S
sucre semoule,S
sucre vanillé,S
sucre vanilliné,S
sucrette,S
sucrine,S
sujet en chocolat,S
sumac,S
surimi,S
sylvaner,S
tabasco,T
taboulé,T
tacaud,T
tacos,T
tagliatelle,T
tagliatelles fraîches,T
tahin,T
tahiné,T
takuan,T
taleggio,T
tamari,T
tamarin,T
tanche,T
tandoori,T
tapenade,T
tapenade noire,T
tapenade verte,T
tapioca,T
tarama,T
taro,T
tartare d'algue,T
tartufata,T
taureau,T
telline,T
tendron de veau,T
téquila,T
tête de cochon,T
tête de veau,T
tétine,T
tétragone,T
thé,T
thé aromatisé,T
thé matcha,T
thé vert,T
thiof,T
thon,T
thon blanc,T
thon rouge,T
thym,T
thym citron,T
tilapia,T
tilleul,T
tilsit,T
toast,T
toastinette,T
toblerone,T
tofu,T
tofu soyeux,T
Tokay,T
tomate,T
tomate cerise,T
tomate confite à l’huile,T
tomate pelée,T
tomate séchée,T
tomate séchée à l'huile d'olive,T
tomate verte,T
tomates concassées,T
tomme,T
tomme vaudoise,T
tonic,T
tonka (fève),T
topinambour,T
torsades,T
torsette,T
tortellini,T
tortilla,T
tortilla chips,T
tournedos,T
tourteau,T
travers de porc,T
trévise,T
tripes,T
triple sec,T
trompette de la mort,T
truffe,T
truffe blanche d'alba,T
truffe noire du périgord,T
truite,T
truite saumonée,T
tuc,T
tuile aux amandes,T
turbot,T
turron,T
tzatziki,T
vache qui rit®,V
vacherin,V
vanille,V
vanilline,V
veau,V
veau haché,V
végétaline,V
ventrèche,V
vénus,V
vergeoise,V
vergeoise blonde,V
vergeoise brune,V
vermicelles,V
vermicelles de riz,V
vermicelles de soja,V
vermicelles en chocolat,V
vermouth,V
verveine,V
verveine citron,V
vet-tsin,V
viande,V
viande d'autruche,V
viande d’agneau,V
viande de grison,V
viande hachée,V
viandox,V
vieille,V
vieux lille,V
vieux pané,V
vin,V
vin blanc,V
vin blanc sec,V
vin rosé,V
vin rouge,V
vinaigre,V
vinaigre aromatisé,V
vinaigre aromatisé à l'estragon,V
vinaigre aromatisé aux noix,V
vinaigre balsamique,V
vinaigre balsamique de figue,V
vinaigre d'alcool,V
vinaigre de cidre,V
vinaigre de datte,V
vinaigre de framboise,V
vinaigre de mangue,V
vinaigre de riz,V
vinaigre de vin,V
vinaigre de xérès,V
vinaigrette,V
vinaigrette aux framboises,V
violette,V
violette au sucre,V
vitpris,V
vive,V
vodka,V
vol-au-vent,V
Volailles,V
Vouvray,V
wakame,W
wasa,W
wasabi,W
whisky,W
wonton,W
Xérès,X
yaourt,Y
yaourt à la grecque,Y
yaourt allégé,Y
yaourt aromatisé,Y
yaourt aux fruits,Y
yaourt brassé,Y
yaourt de soja,Y
yaourt nature,Y
yet,Y
yuzu,Y
zeste de citron,Z
zgougou,Z
zuccata,Z
